channel_name,channel_slug,video_id,entry_title,video_url,live_status,duration_seconds,view_count,source_tab,fetched_at,workflow_status,transcript_status,needs_review,transcript_provider,transcript_artifact_path,transcript_requested_at,transcript_completed_at,transcript_error,json_path
Kenny Finance,kenny-finance-streams,-5-80f9PSTM,[88/365] SUNDAY FUNDAY AND PREPPING FOR A BUSY WEEK!,https://www.youtube.com/watch?v=-5-80f9PSTM,was_live,11479.0,166,streams,2026-05-06T02:38:06.455001+00:00,transcript_ready,completed,false,supadata,data/transcripts/youtube/kenny-finance-streams/-5-80f9PSTM.json,2026-05-06T03:05:30.788592+00:00,2026-05-06T03:05:37.593231+00:00,,data/raw/youtube/kenny-finance-streams/videos/-5-80f9PSTM.json
Kenny Finance,kenny-finance-streams,-KztJ9ctruk,[41/365] BUYING A ROOFING COMPANY WITH CHAT (PART 2),https://www.youtube.com/watch?v=-KztJ9ctruk,was_live,9594.0,287,streams,2026-05-06T02:38:06.455001+00:00,transcript_ready,completed,false,supadata,data/transcripts/youtube/kenny-finance-streams/-KztJ9ctruk.json,2026-05-06T03:05:37.595676+00:00,2026-05-06T03:05:40.934419+00:00,,data/raw/youtube/kenny-finance-streams/videos/-KztJ9ctruk.json
Kenny Finance,kenny-finance-streams,0JCSOBK44O4,[28/365] TESLA'S BIG BET TODAY,https://www.youtube.com/watch?v=0JCSOBK44O4,was_live,12369.0,307,streams,2026-05-06T02:38:06.455001+00:00,transcript_ready,completed,false,supadata,data/transcripts/youtube/kenny-finance-streams/0JCSOBK44O4.json,2026-05-06T03:05:40.935410+00:00,2026-05-06T03:05:45.303087+00:00,,data/raw/youtube/kenny-finance-streams/videos/0JCSOBK44O4.json
Kenny Finance,kenny-finance-streams,0TjpA3J94BY,[27/365] WHAT JUST HAPPENED TO HEALTHCARE STOCKS,https://www.youtube.com/watch?v=0TjpA3J94BY,was_live,7926.0,275,streams,2026-05-06T02:38:06.455001+00:00,transcript_ready,completed,false,supadata,data/transcripts/youtube/kenny-finance-streams/0TjpA3J94BY.json,2026-05-06T03:05:59.235582+00:00,2026-05-06T03:06:02.163738+00:00,,data/raw/youtube/kenny-finance-streams/videos/0TjpA3J94BY.json
Kenny Finance,kenny-finance-streams,0V0WNSuJB-Y,[50/365] BUYING A SUBSCRIBER A BUSINESS,https://www.youtube.com/watch?v=0V0WNSuJB-Y,was_live,12398.0,513,streams,2026-05-06T02:38:06.455001+00:00,transcript_ready,completed,false,supadata,data/transcripts/youtube/kenny-finance-streams/0V0WNSuJB-Y.json,2026-05-06T03:06:02.163738+00:00,2026-05-06T03:06:07.942737+00:00,,data/raw/youtube/kenny-finance-streams/videos/0V0WNSuJB-Y.json
Kenny Finance,kenny-finance-streams,0t_XqtyOkDU,[51/365] STOCK PITCH COMPETITION!,https://www.youtube.com/watch?v=0t_XqtyOkDU,was_live,15148.0,298,streams,2026-05-06T02:38:06.455001+00:00,transcript_ready,completed,false,supadata,data/transcripts/youtube/kenny-finance-streams/0t_XqtyOkDU.json,2026-05-06T03:05:45.304073+00:00,2026-05-06T03:05:59.234581+00:00,,data/raw/youtube/kenny-finance-streams/videos/0t_XqtyOkDU.json
Kenny Finance,kenny-finance-streams,1-6ngFRp9F4,[94/365] SOURCING BUSINESSES FOR SUBS ON A SATURDAY,https://www.youtube.com/watch?v=1-6ngFRp9F4,was_live,7051.0,344,streams,2026-05-06T02:38:06.455001+00:00,transcript_ready,completed,false,supadata,data/transcripts/youtube/kenny-finance-streams/1-6ngFRp9F4.json,2026-05-06T03:06:07.943761+00:00,2026-05-06T03:06:11.540970+00:00,,data/raw/youtube/kenny-finance-streams/videos/1-6ngFRp9F4.json
Kenny Finance,kenny-finance-streams,1iRq1DO-XKk,[115/365] MAKING A PERSONAL ASSISTANT ON CLAUDE,https://www.youtube.com/watch?v=1iRq1DO-XKk,was_live,5960.0,737,streams,2026-05-06T02:38:06.455001+00:00,transcript_ready,completed,false,supadata,data/transcripts/youtube/kenny-finance-streams/1iRq1DO-XKk.json,2026-05-06T03:06:11.541972+00:00,2026-05-06T03:06:17.209905+00:00,,data/raw/youtube/kenny-finance-streams/videos/1iRq1DO-XKk.json
Kenny Finance,kenny-finance-streams,2arUCdauzg0,[120/365] UNPACKING SNDK'S BLOWOUT EARNINGS,https://www.youtube.com/watch?v=2arUCdauzg0,was_live,6070.0,217,streams,2026-05-06T02:38:06.455001+00:00,transcript_ready,completed,false,supadata,data/transcripts/youtube/kenny-finance-streams/2arUCdauzg0.json,2026-05-06T03:06:17.210906+00:00,2026-05-06T03:06:21.046524+00:00,,data/raw/youtube/kenny-finance-streams/videos/2arUCdauzg0.json
Kenny Finance,kenny-finance-streams,2xsbA7D_hg0,[36/365] UNPACKING AMAZON'S EARNINGS MISS,https://www.youtube.com/watch?v=2xsbA7D_hg0,was_live,7312.0,138,streams,2026-05-06T02:38:06.455001+00:00,transcript_ready,completed,false,supadata,data/transcripts/youtube/kenny-finance-streams/2xsbA7D_hg0.json,2026-05-06T03:06:21.047769+00:00,2026-05-06T03:06:23.509280+00:00,,data/raw/youtube/kenny-finance-streams/videos/2xsbA7D_hg0.json
Kenny Finance,kenny-finance-streams,3NRC1X_N8FI,[116/365] MAKING A PERSONAL ASSISTANT ON CLAUDE,https://www.youtube.com/watch?v=3NRC1X_N8FI,was_live,6627.0,305,streams,2026-05-06T02:38:06.455001+00:00,transcript_ready,completed,false,supadata,data/transcripts/youtube/kenny-finance-streams/3NRC1X_N8FI.json,2026-05-06T03:06:29.817412+00:00,2026-05-06T03:06:32.294068+00:00,,data/raw/youtube/kenny-finance-streams/videos/3NRC1X_N8FI.json
Kenny Finance,kenny-finance-streams,3RZQIXTkCq8,[104/365] FINDING THE BEST COMMERCIAL LENDERS (+Arc Raiders?),https://www.youtube.com/watch?v=3RZQIXTkCq8,was_live,7889.0,240,streams,2026-05-06T02:38:06.455001+00:00,transcript_ready,completed,false,supadata,data/transcripts/youtube/kenny-finance-streams/3RZQIXTkCq8.json,2026-05-06T03:06:32.294068+00:00,2026-05-06T03:06:36.105622+00:00,,data/raw/youtube/kenny-finance-streams/videos/3RZQIXTkCq8.json
Kenny Finance,kenny-finance-streams,3bkXiBs2b-Y,[73/365] SOURCING ACQUISITIONS ON A SATURDAY,https://www.youtube.com/watch?v=3bkXiBs2b-Y,was_live,6090.0,326,streams,2026-05-06T02:38:06.455001+00:00,transcript_ready,completed,false,supadata,data/transcripts/youtube/kenny-finance-streams/3bkXiBs2b-Y.json,2026-05-06T03:06:23.509280+00:00,2026-05-06T03:06:26.648576+00:00,,data/raw/youtube/kenny-finance-streams/videos/3bkXiBs2b-Y.json
Kenny Finance,kenny-finance-streams,3g5GlrSi6rk,🔴LIVE! CES RECAP + NEW INVESTMENT IDEAS!,https://www.youtube.com/watch?v=3g5GlrSi6rk,was_live,9383.0,164,streams,2026-05-06T02:38:06.455001+00:00,transcript_ready,completed,false,supadata,data/transcripts/youtube/kenny-finance-streams/3g5GlrSi6rk.json,2026-05-06T03:06:26.649024+00:00,2026-05-06T03:06:29.816016+00:00,,data/raw/youtube/kenny-finance-streams/videos/3g5GlrSi6rk.json
Kenny Finance,kenny-finance-streams,4_Zcgm-LwGc,[98/365] GREAT DAY IN THE MARKETS. WILL IT LAST?,https://www.youtube.com/watch?v=4_Zcgm-LwGc,was_live,11293.0,271,streams,2026-05-06T02:38:06.455001+00:00,transcript_ready,completed,false,supadata,data/transcripts/youtube/kenny-finance-streams/4_Zcgm-LwGc.json,2026-05-06T03:06:36.106625+00:00,2026-05-06T03:06:40.188806+00:00,,data/raw/youtube/kenny-finance-streams/videos/4_Zcgm-LwGc.json
Kenny Finance,kenny-finance-streams,4ySQ_weCsQo,[70/365] BUDGETING ON WEALTHY WEDNESDAYS,https://www.youtube.com/watch?v=4ySQ_weCsQo,was_live,8590.0,238,streams,2026-05-06T02:38:06.455001+00:00,transcript_ready,completed,false,supadata,data/transcripts/youtube/kenny-finance-streams/4ySQ_weCsQo.json,2026-05-06T03:06:40.189750+00:00,2026-05-06T03:06:43.868165+00:00,,data/raw/youtube/kenny-finance-streams/videos/4ySQ_weCsQo.json
Kenny Finance,kenny-finance-streams,54FZed5Q2hk,[61/365] AI VALUE CHAIN DEEP DIVE - OPTICS & PHOTONICS,https://www.youtube.com/watch?v=54FZed5Q2hk,was_live,8651.0,316,streams,2026-05-06T02:38:06.455001+00:00,transcript_ready,completed,false,supadata,data/transcripts/youtube/kenny-finance-streams/54FZed5Q2hk.json,2026-05-06T03:06:43.869320+00:00,2026-05-06T03:06:46.315640+00:00,,data/raw/youtube/kenny-finance-streams/videos/54FZed5Q2hk.json
Kenny Finance,kenny-finance-streams,5J3wIhNDdjQ,🔴LIVE! MARKET MONDAYS (INVESTING CHAT CAPITAL),https://www.youtube.com/watch?v=5J3wIhNDdjQ,was_live,6547.0,151,streams,2026-05-06T02:38:06.455001+00:00,transcript_ready,completed,false,supadata,data/transcripts/youtube/kenny-finance-streams/5J3wIhNDdjQ.json,2026-05-06T03:06:48.279300+00:00,2026-05-06T03:06:50.900226+00:00,,data/raw/youtube/kenny-finance-streams/videos/5J3wIhNDdjQ.json
Kenny Finance,kenny-finance-streams,5cwxVbBwAKo,[109/365] STOCK PITCH COMPETITION!,https://www.youtube.com/watch?v=5cwxVbBwAKo,was_live,5243.0,178,streams,2026-05-06T02:38:06.455001+00:00,transcript_ready,completed,false,supadata,data/transcripts/youtube/kenny-finance-streams/5cwxVbBwAKo.json,2026-05-06T03:06:46.316058+00:00,2026-05-06T03:06:48.278216+00:00,,data/raw/youtube/kenny-finance-streams/videos/5cwxVbBwAKo.json
Kenny Finance,kenny-finance-streams,7nAH2pnqbhs,🔴LIVE! WE IN VEGAS - DAY 1 CES (LATE NIGHT),https://www.youtube.com/watch?v=7nAH2pnqbhs,was_live,2768.0,133,streams,2026-05-06T02:38:06.455001+00:00,transcript_ready,completed,false,supadata,data/transcripts/youtube/kenny-finance-streams/7nAH2pnqbhs.json,2026-05-06T03:06:50.900226+00:00,2026-05-06T03:06:54.412294+00:00,,data/raw/youtube/kenny-finance-streams/videos/7nAH2pnqbhs.json
Kenny Finance,kenny-finance-streams,8OgNOXPd668,[68/365] MARKET MONDAYS WITH CHAT CAPITAL,https://www.youtube.com/watch?v=8OgNOXPd668,was_live,6017.0,258,streams,2026-05-06T02:38:06.455001+00:00,transcript_ready,completed,false,supadata,data/transcripts/youtube/kenny-finance-streams/8OgNOXPd668.json,2026-05-06T03:07:00.128235+00:00,2026-05-06T03:07:04.331051+00:00,,data/raw/youtube/kenny-finance-streams/videos/8OgNOXPd668.json
Kenny Finance,kenny-finance-streams,8PU5udTkyv0,[52/365] SOURCING BUSINESS SATURDAYS,https://www.youtube.com/watch?v=8PU5udTkyv0,was_live,42900.0,642,streams,2026-05-06T02:38:06.455001+00:00,transcript_ready,completed,false,supadata,data/transcripts/youtube/kenny-finance-streams/8PU5udTkyv0.json,2026-05-06T03:07:04.331385+00:00,2026-05-06T03:07:07.903975+00:00,,data/raw/youtube/kenny-finance-streams/videos/8PU5udTkyv0.json
Kenny Finance,kenny-finance-streams,8ivVQ6TGgwk,[114/365] HELPING NFL DRAFT PICKS BUDGET THEIR MONEY,https://www.youtube.com/watch?v=8ivVQ6TGgwk,was_live,7717.0,150,streams,2026-05-06T02:38:06.455001+00:00,transcript_ready,completed,false,supadata,data/transcripts/youtube/kenny-finance-streams/8ivVQ6TGgwk.json,2026-05-06T03:06:54.412294+00:00,2026-05-06T03:06:57.945785+00:00,,data/raw/youtube/kenny-finance-streams/videos/8ivVQ6TGgwk.json
Kenny Finance,kenny-finance-streams,8mkc9A9IvL4,🔴LIVE! FIRST FINANCE FRIDAY OF 2026,https://www.youtube.com/watch?v=8mkc9A9IvL4,was_live,7985.0,280,streams,2026-05-06T02:38:06.455001+00:00,transcript_ready,completed,false,supadata,data/transcripts/youtube/kenny-finance-streams/8mkc9A9IvL4.json,2026-05-06T03:06:57.947177+00:00,2026-05-06T03:07:00.127237+00:00,,data/raw/youtube/kenny-finance-streams/videos/8mkc9A9IvL4.json
Kenny Finance,kenny-finance-streams,9PNVIPMhmI0,[118/365] PREPARING FOR TOMORROW'S EARNINGS SUPERBOWL,https://www.youtube.com/watch?v=9PNVIPMhmI0,was_live,6094.0,153,streams,2026-05-06T02:38:06.455001+00:00,transcript_ready,completed,false,supadata,data/transcripts/youtube/kenny-finance-streams/9PNVIPMhmI0.json,2026-05-06T03:07:07.905972+00:00,2026-05-06T03:07:10.186153+00:00,,data/raw/youtube/kenny-finance-streams/videos/9PNVIPMhmI0.json
Kenny Finance,kenny-finance-streams,A03GAlWPLSQ,🔴LIVE AT CES 2026 | DAY 1 (NVIDIA KEYNOTE),https://www.youtube.com/watch?v=A03GAlWPLSQ,was_live,7117.0,895,streams,2026-05-06T02:38:06.455001+00:00,transcript_ready,completed,false,supadata,data/transcripts/youtube/kenny-finance-streams/A03GAlWPLSQ.json,2026-05-06T03:07:10.187169+00:00,2026-05-06T03:07:12.895785+00:00,,data/raw/youtube/kenny-finance-streams/videos/A03GAlWPLSQ.json
Kenny Finance,kenny-finance-streams,ANp9pkRUHpw,🔴LIVE! CES 2026 NEXT WEEK (Prep and Schedule),https://www.youtube.com/watch?v=ANp9pkRUHpw,was_live,9232.0,235,streams,2026-05-06T02:38:06.455001+00:00,transcript_ready,completed,false,supadata,data/transcripts/youtube/kenny-finance-streams/ANp9pkRUHpw.json,2026-05-06T03:07:14.593652+00:00,2026-05-06T03:07:16.421612+00:00,,data/raw/youtube/kenny-finance-streams/videos/ANp9pkRUHpw.json
Kenny Finance,kenny-finance-streams,BXpEooo3E-M,[64/365] VIBE CODING THURSDAYS,https://www.youtube.com/watch?v=BXpEooo3E-M,was_live,7827.0,169,streams,2026-05-06T02:38:06.455001+00:00,transcript_ready,completed,false,supadata,data/transcripts/youtube/kenny-finance-streams/BXpEooo3E-M.json,2026-05-06T03:07:23.753641+00:00,2026-05-06T03:07:25.907105+00:00,,data/raw/youtube/kenny-finance-streams/videos/BXpEooo3E-M.json
Kenny Finance,kenny-finance-streams,BsSRm92sLVo,"[20/365] NETFLIX EARNINGS, JAPAN AND GREENLAND",https://www.youtube.com/watch?v=BsSRm92sLVo,was_live,2440.0,185,streams,2026-05-06T02:38:06.455001+00:00,transcript_ready,completed,false,supadata,data/transcripts/youtube/kenny-finance-streams/BsSRm92sLVo.json,2026-05-06T03:07:18.620185+00:00,2026-05-06T03:07:21.722730+00:00,,data/raw/youtube/kenny-finance-streams/videos/BsSRm92sLVo.json
Kenny Finance,kenny-finance-streams,Bvm-wKmUFfo,[82/365] VIBE CODING FOR SMALL BUSINESSES,https://www.youtube.com/watch?v=Bvm-wKmUFfo,was_live,6789.0,297,streams,2026-05-06T02:38:06.455001+00:00,transcript_ready,completed,false,supadata,data/transcripts/youtube/kenny-finance-streams/Bvm-wKmUFfo.json,2026-05-06T03:07:21.723781+00:00,2026-05-06T03:07:23.753641+00:00,,data/raw/youtube/kenny-finance-streams/videos/Bvm-wKmUFfo.json
Kenny Finance,kenny-finance-streams,COn5szHwGhg,[17/365] LETTING CHAT PITCH STOCKS TO BUY,https://www.youtube.com/watch?v=COn5szHwGhg,was_live,9706.0,238,streams,2026-05-06T02:38:06.455001+00:00,transcript_ready,completed,false,supadata,data/transcripts/youtube/kenny-finance-streams/COn5szHwGhg.json,2026-05-06T03:07:32.435643+00:00,2026-05-06T03:07:35.034224+00:00,,data/raw/youtube/kenny-finance-streams/videos/COn5szHwGhg.json
Kenny Finance,kenny-finance-streams,C_CzBdGXxwg,[35/365] CAN GOOGLE PREVENT THE AI BUBBLE?,https://www.youtube.com/watch?v=C_CzBdGXxwg,was_live,13794.0,205,streams,2026-05-06T02:38:06.455001+00:00,transcript_ready,completed,false,supadata,data/transcripts/youtube/kenny-finance-streams/C_CzBdGXxwg.json,2026-05-06T03:07:25.907740+00:00,2026-05-06T03:07:30.477213+00:00,,data/raw/youtube/kenny-finance-streams/videos/C_CzBdGXxwg.json
Kenny Finance,kenny-finance-streams,DlBgX7VvMvU,[111/365] ASKING CLAUDE TO RUN A HEDGE FUND,https://www.youtube.com/watch?v=DlBgX7VvMvU,was_live,5771.0,374,streams,2026-05-06T02:38:06.455001+00:00,transcript_ready,completed,false,supadata,data/transcripts/youtube/kenny-finance-streams/DlBgX7VvMvU.json,2026-05-06T03:07:43.934655+00:00,2026-05-06T03:07:51.466439+00:00,,data/raw/youtube/kenny-finance-streams/videos/DlBgX7VvMvU.json
Kenny Finance,kenny-finance-streams,DyUWPY8CXPs,[29/365] APPLE'S EARNINGS TODAY,https://www.youtube.com/watch?v=DyUWPY8CXPs,was_live,13995.0,236,streams,2026-05-06T02:38:06.455001+00:00,transcript_ready,completed,false,supadata,data/transcripts/youtube/kenny-finance-streams/DyUWPY8CXPs.json,2026-05-06T03:07:53.818107+00:00,2026-05-06T03:07:56.698684+00:00,,data/raw/youtube/kenny-finance-streams/videos/DyUWPY8CXPs.json
Kenny Finance,kenny-finance-streams,Eag04FU5qsg,"[95/365] SUNDAY FUNDAY WITH SOURCING, AGENTS & 10-Ks",https://www.youtube.com/watch?v=Eag04FU5qsg,was_live,8020.0,407,streams,2026-05-06T02:38:06.455001+00:00,transcript_ready,completed,false,supadata,data/transcripts/youtube/kenny-finance-streams/Eag04FU5qsg.json,2026-05-06T03:10:01.879495+00:00,2026-05-06T03:10:06.388206+00:00,,data/raw/youtube/kenny-finance-streams/videos/Eag04FU5qsg.json
Kenny Finance,kenny-finance-streams,EiH0dBpSVQ4,[78/365] DAY 3 in MIAMI. HUNTING FOR DEALS AND REAL ESTATE,https://www.youtube.com/watch?v=EiH0dBpSVQ4,was_live,4116.0,183,streams,2026-05-06T02:38:06.455001+00:00,transcript_ready,completed,false,supadata,data/transcripts/youtube/kenny-finance-streams/EiH0dBpSVQ4.json,2026-05-06T03:10:06.388549+00:00,2026-05-06T03:10:08.127623+00:00,,data/raw/youtube/kenny-finance-streams/videos/EiH0dBpSVQ4.json
Kenny Finance,kenny-finance-streams,FfQ-MHXY2YU,[45/365] BUYING MY VALENTINE'S A BUSINESS,https://www.youtube.com/watch?v=FfQ-MHXY2YU,was_live,9414.0,391,streams,2026-05-06T02:38:06.455001+00:00,transcript_ready,completed,false,supadata,data/transcripts/youtube/kenny-finance-streams/FfQ-MHXY2YU.json,2026-05-06T03:10:08.127623+00:00,2026-05-06T03:10:10.177966+00:00,,data/raw/youtube/kenny-finance-streams/videos/FfQ-MHXY2YU.json
Kenny Finance,kenny-finance-streams,FhzHSKQ5DTs,[58/365] STOCK PITCH COMPETITION!,https://www.youtube.com/watch?v=FhzHSKQ5DTs,was_live,5329.0,171,streams,2026-05-06T02:38:06.455001+00:00,transcript_ready,completed,false,supadata,data/transcripts/youtube/kenny-finance-streams/FhzHSKQ5DTs.json,2026-05-06T03:10:10.177966+00:00,2026-05-06T03:10:12.958063+00:00,,data/raw/youtube/kenny-finance-streams/videos/FhzHSKQ5DTs.json
Kenny Finance,kenny-finance-streams,GBG6vBRLXtU,[108/365] TURNING CLAUDE INTO MY 24/7 DOCTOR,https://www.youtube.com/watch?v=GBG6vBRLXtU,was_live,8414.0,281,streams,2026-05-06T02:38:06.455001+00:00,transcript_ready,completed,false,supadata,data/transcripts/youtube/kenny-finance-streams/GBG6vBRLXtU.json,2026-05-06T03:10:30.864171+00:00,2026-05-06T03:10:34.059056+00:00,,data/raw/youtube/kenny-finance-streams/videos/GBG6vBRLXtU.json
Kenny Finance,kenny-finance-streams,GcYCtRpQc7o,[106/365] VIBE CODING THURSDAYS (NEW OPUS 4.7),https://www.youtube.com/watch?v=GcYCtRpQc7o,was_live,6656.0,313,streams,2026-05-06T02:38:06.455001+00:00,transcript_ready,completed,false,supadata,data/transcripts/youtube/kenny-finance-streams/GcYCtRpQc7o.json,2026-05-06T03:10:37.613288+00:00,2026-05-06T03:10:40.640007+00:00,,data/raw/youtube/kenny-finance-streams/videos/GcYCtRpQc7o.json
Kenny Finance,kenny-finance-streams,H4Xfk7BErT4,[102/365] LIVE DILIGENCE ON A SUBS BUSINESS ACQUISITION,https://www.youtube.com/watch?v=H4Xfk7BErT4,was_live,7520.0,668,streams,2026-05-06T02:38:06.455001+00:00,transcript_ready,completed,false,supadata,data/transcripts/youtube/kenny-finance-streams/H4Xfk7BErT4.json,2026-05-06T03:10:52.897658+00:00,2026-05-06T03:10:58.050912+00:00,,data/raw/youtube/kenny-finance-streams/videos/H4Xfk7BErT4.json
Kenny Finance,kenny-finance-streams,HTMqbkKqj5Q,[65/365] CHAT CAPITAL MARCH MADNESS KICKOFF!,https://www.youtube.com/watch?v=HTMqbkKqj5Q,was_live,7982.0,264,streams,2026-05-06T02:38:06.455001+00:00,transcript_ready,completed,false,supadata,data/transcripts/youtube/kenny-finance-streams/HTMqbkKqj5Q.json,2026-05-06T03:11:10.127449+00:00,2026-05-06T03:11:12.301330+00:00,,data/raw/youtube/kenny-finance-streams/videos/HTMqbkKqj5Q.json
Kenny Finance,kenny-finance-streams,J1cPlSvYtbY,[93/365] GOOD FRIDAY FOR THE FINANCE BROS,https://www.youtube.com/watch?v=J1cPlSvYtbY,was_live,3775.0,160,streams,2026-05-06T02:38:06.455001+00:00,transcript_ready,completed,false,supadata,data/transcripts/youtube/kenny-finance-streams/J1cPlSvYtbY.json,2026-05-06T03:11:37.635579+00:00,2026-05-06T03:11:42.995999+00:00,,data/raw/youtube/kenny-finance-streams/videos/J1cPlSvYtbY.json
Kenny Finance,kenny-finance-streams,JJmI9zZVDAM,[96/365] HOW TO FINANCE A BUSINESS ACQUISITION,https://www.youtube.com/watch?v=JJmI9zZVDAM,was_live,5709.0,587,streams,2026-05-06T02:38:06.455001+00:00,transcript_ready,completed,false,supadata,data/transcripts/youtube/kenny-finance-streams/JJmI9zZVDAM.json,2026-05-06T03:11:48.507999+00:00,2026-05-06T03:11:50.663713+00:00,,data/raw/youtube/kenny-finance-streams/videos/JJmI9zZVDAM.json
Kenny Finance,kenny-finance-streams,JR0SL6f_NpM,[43/365] MODERNIZING A BORING BIZ WITH AI,https://www.youtube.com/watch?v=JR0SL6f_NpM,was_live,8126.0,226,streams,2026-05-06T02:38:06.455001+00:00,transcript_ready,completed,false,supadata,data/transcripts/youtube/kenny-finance-streams/JR0SL6f_NpM.json,2026-05-06T03:11:50.664753+00:00,2026-05-06T03:11:54.275988+00:00,,data/raw/youtube/kenny-finance-streams/videos/JR0SL6f_NpM.json
Kenny Finance,kenny-finance-streams,JZvhLFq-j4g,[103/365] SOURCING 50 BUSINESSES in 50 STATES,https://www.youtube.com/watch?v=JZvhLFq-j4g,was_live,6910.0,456,streams,2026-05-06T02:38:06.455001+00:00,transcript_ready,completed,false,supadata,data/transcripts/youtube/kenny-finance-streams/JZvhLFq-j4g.json,2026-05-06T03:11:54.275988+00:00,2026-05-06T03:11:58.930318+00:00,,data/raw/youtube/kenny-finance-streams/videos/JZvhLFq-j4g.json
Kenny Finance,kenny-finance-streams,J_39POvarJk,[38/365] SOURCING BUSINESS ACQUISITIONS,https://www.youtube.com/watch?v=J_39POvarJk,was_live,11692.0,338,streams,2026-05-06T02:38:06.455001+00:00,transcript_ready,completed,false,supadata,data/transcripts/youtube/kenny-finance-streams/J_39POvarJk.json,2026-05-06T03:11:46.304708+00:00,2026-05-06T03:11:48.506892+00:00,,data/raw/youtube/kenny-finance-streams/videos/J_39POvarJk.json
Kenny Finance,kenny-finance-streams,K56iDpSqDfo,[121/365] I BOUGHT A MALL!!!,https://www.youtube.com/watch?v=K56iDpSqDfo,was_live,7653.0,322,streams,2026-05-06T02:38:06.455001+00:00,transcript_ready,completed,false,supadata,data/transcripts/youtube/kenny-finance-streams/K56iDpSqDfo.json,2026-05-06T03:18:43.491605+00:00,2026-05-06T03:18:53.174539+00:00,,data/raw/youtube/kenny-finance-streams/videos/K56iDpSqDfo.json
Kenny Finance,kenny-finance-streams,KE0OcOIfYDg,[32/365] PITCHING WEIRD STOCKS TO CHAT CAPITAL,https://www.youtube.com/watch?v=KE0OcOIfYDg,was_live,10495.0,213,streams,2026-05-06T02:38:06.455001+00:00,transcript_ready,completed,false,supadata,data/transcripts/youtube/kenny-finance-streams/KE0OcOIfYDg.json,2026-05-06T03:12:08.466208+00:00,2026-05-06T03:12:15.561546+00:00,,data/raw/youtube/kenny-finance-streams/videos/KE0OcOIfYDg.json
Kenny Finance,kenny-finance-streams,KPHnArwlSDU,[54/365] RANKING PRIVATE EQUITY ROLL UPS,https://www.youtube.com/watch?v=KPHnArwlSDU,was_live,8246.0,279,streams,2026-05-06T02:38:06.455001+00:00,transcript_ready,completed,false,supadata,data/transcripts/youtube/kenny-finance-streams/KPHnArwlSDU.json,2026-05-06T03:12:17.265783+00:00,2026-05-06T03:12:19.749221+00:00,,data/raw/youtube/kenny-finance-streams/videos/KPHnArwlSDU.json
Kenny Finance,kenny-finance-streams,Kznxe8JWnTI,[21/365] FINDING AI STOCKS AND REACTING TO EARNINGS,https://www.youtube.com/watch?v=Kznxe8JWnTI,was_live,7620.0,170,streams,2026-05-06T02:38:06.455001+00:00,transcript_ready,completed,false,supadata,data/transcripts/youtube/kenny-finance-streams/Kznxe8JWnTI.json,2026-05-06T03:12:19.750210+00:00,2026-05-06T03:12:40.754728+00:00,,data/raw/youtube/kenny-finance-streams/videos/Kznxe8JWnTI.json
Kenny Finance,kenny-finance-streams,LlvSJ0QAvwg,[55/365] LIVE: STATE OF THE UNION INVESTMENT OPPORTUNITIES,https://www.youtube.com/watch?v=LlvSJ0QAvwg,was_live,7712.0,446,streams,2026-05-06T02:38:06.455001+00:00,transcript_ready,completed,false,supadata,data/transcripts/youtube/kenny-finance-streams/LlvSJ0QAvwg.json,2026-05-06T03:12:43.406215+00:00,2026-05-06T03:12:48.769025+00:00,,data/raw/youtube/kenny-finance-streams/videos/LlvSJ0QAvwg.json
Kenny Finance,kenny-finance-streams,MBd_beSdPGs,[69/365] SMALL CAP STOCKS & SOURCING ON A TUESDAY,https://www.youtube.com/watch?v=MBd_beSdPGs,was_live,7955.0,597,streams,2026-05-06T02:38:06.455001+00:00,transcript_ready,completed,false,supadata,data/transcripts/youtube/kenny-finance-streams/MBd_beSdPGs.json,2026-05-06T03:13:00.251787+00:00,2026-05-06T03:13:04.848631+00:00,,data/raw/youtube/kenny-finance-streams/videos/MBd_beSdPGs.json
Kenny Finance,kenny-finance-streams,MHSMMQ_CNLc,[77/365] DAY 2 in MIAMI. HUNTING FOR DEALS AND REAL ESTATE,https://www.youtube.com/watch?v=MHSMMQ_CNLc,was_live,6629.0,198,streams,2026-05-06T02:38:06.455001+00:00,transcript_ready,completed,false,supadata,data/transcripts/youtube/kenny-finance-streams/MHSMMQ_CNLc.json,2026-05-06T03:13:13.156060+00:00,2026-05-06T03:13:20.409448+00:00,,data/raw/youtube/kenny-finance-streams/videos/MHSMMQ_CNLc.json
Kenny Finance,kenny-finance-streams,MTovISksVi0,[92/365] PREPPING FOR APRIL EARNINGS SEASON,https://www.youtube.com/watch?v=MTovISksVi0,was_live,7102.0,246,streams,2026-05-06T02:38:06.455001+00:00,transcript_ready,completed,false,supadata,data/transcripts/youtube/kenny-finance-streams/MTovISksVi0.json,2026-05-06T03:13:36.691369+00:00,2026-05-06T03:13:41.329900+00:00,,data/raw/youtube/kenny-finance-streams/videos/MTovISksVi0.json
Kenny Finance,kenny-finance-streams,MaAFwdMXCMI,[122/365] ADDING NEW RETAILERS TO MY NEW MALL!,https://www.youtube.com/watch?v=MaAFwdMXCMI,was_live,8764.0,324,streams,2026-05-06T02:38:06.455001+00:00,transcript_ready,completed,false,supadata,data/transcripts/youtube/kenny-finance-streams/MaAFwdMXCMI.json,2026-05-06T03:12:53.021096+00:00,2026-05-06T03:13:00.250787+00:00,,data/raw/youtube/kenny-finance-streams/videos/MaAFwdMXCMI.json
Kenny Finance,kenny-finance-streams,Mh_CNIsjcRk,[107/365] MARKETS ARE BACK?,https://www.youtube.com/watch?v=Mh_CNIsjcRk,was_live,6376.0,205,streams,2026-05-06T02:38:06.455001+00:00,transcript_ready,completed,false,supadata,data/transcripts/youtube/kenny-finance-streams/Mh_CNIsjcRk.json,2026-05-06T03:13:04.849036+00:00,2026-05-06T03:13:13.155060+00:00,,data/raw/youtube/kenny-finance-streams/videos/Mh_CNIsjcRk.json
Kenny Finance,kenny-finance-streams,NJmzR1uN5P0,[19/365] FINDING THE BEST STOCK TO BUY IN 2026,https://www.youtube.com/watch?v=NJmzR1uN5P0,was_live,9360.0,204,streams,2026-05-06T02:38:06.455001+00:00,transcript_ready,completed,false,supadata,data/transcripts/youtube/kenny-finance-streams/NJmzR1uN5P0.json,2026-05-06T03:13:49.411402+00:00,2026-05-06T03:13:56.274863+00:00,,data/raw/youtube/kenny-finance-streams/videos/NJmzR1uN5P0.json
Kenny Finance,kenny-finance-streams,NLhU11m19q4,[37/365] HELPING CHAT BUILD GENERATIONAL WEALTH AND ARC RAIDERS (12 HR STREAM!),https://www.youtube.com/watch?v=NLhU11m19q4,was_live,42900.0,495,streams,2026-05-06T02:38:06.455001+00:00,transcript_ready,completed,false,supadata,data/transcripts/youtube/kenny-finance-streams/NLhU11m19q4.json,2026-05-06T03:13:56.274863+00:00,2026-05-06T03:14:00.318727+00:00,,data/raw/youtube/kenny-finance-streams/videos/NLhU11m19q4.json
Kenny Finance,kenny-finance-streams,P4jnD7cJW88,[16/365] MAKING CHAT PRIVATE EQUITY INVESTORS ON STREAM,https://www.youtube.com/watch?v=P4jnD7cJW88,was_live,9641.0,275,streams,2026-05-06T02:38:06.455001+00:00,transcript_ready,completed,false,supadata,data/transcripts/youtube/kenny-finance-streams/P4jnD7cJW88.json,2026-05-06T03:18:53.175425+00:00,2026-05-06T03:18:59.927351+00:00,,data/raw/youtube/kenny-finance-streams/videos/P4jnD7cJW88.json
Kenny Finance,kenny-finance-streams,PG9pmD6L-Fg,🔴LIVE! SOURCING BUSINESSES TODAY,https://www.youtube.com/watch?v=PG9pmD6L-Fg,was_live,5583.0,193,streams,2026-05-06T02:38:06.455001+00:00,transcript_ready,completed,false,supadata,data/transcripts/youtube/kenny-finance-streams/PG9pmD6L-Fg.json,2026-05-06T03:14:34.529853+00:00,2026-05-06T03:14:39.292135+00:00,,data/raw/youtube/kenny-finance-streams/videos/PG9pmD6L-Fg.json
Kenny Finance,kenny-finance-streams,PPRZqW30cEk,[26/365] EXPLAINING THE GOLD RALLY,https://www.youtube.com/watch?v=PPRZqW30cEk,was_live,8632.0,177,streams,2026-05-06T02:38:06.455001+00:00,transcript_ready,completed,false,supadata,data/transcripts/youtube/kenny-finance-streams/PPRZqW30cEk.json,2026-05-06T03:14:39.292135+00:00,2026-05-06T03:14:43.244557+00:00,,data/raw/youtube/kenny-finance-streams/videos/PPRZqW30cEk.json
Kenny Finance,kenny-finance-streams,QPQJKaKPcnM,[57/365] SOURCING AFFORDABLE BUSINESSES TO BUY,https://www.youtube.com/watch?v=QPQJKaKPcnM,was_live,9067.0,435,streams,2026-05-06T02:38:06.455001+00:00,transcript_ready,completed,false,supadata,data/transcripts/youtube/kenny-finance-streams/QPQJKaKPcnM.json,2026-05-06T03:14:46.030773+00:00,2026-05-06T03:14:48.558564+00:00,,data/raw/youtube/kenny-finance-streams/videos/QPQJKaKPcnM.json
Kenny Finance,kenny-finance-streams,RuruU0PjpwI,[48/365] PLAYING GUESS THAT BUSINESS,https://www.youtube.com/watch?v=RuruU0PjpwI,was_live,8175.0,356,streams,2026-05-06T02:38:06.455001+00:00,transcript_ready,completed,false,supadata,data/transcripts/youtube/kenny-finance-streams/RuruU0PjpwI.json,2026-05-06T03:14:48.560073+00:00,2026-05-06T03:14:54.057991+00:00,,data/raw/youtube/kenny-finance-streams/videos/RuruU0PjpwI.json
Kenny Finance,kenny-finance-streams,RuweI3-zoe8,[87/365] SOURCING SUBS A BUSINESS ON A SATURDAY,https://www.youtube.com/watch?v=RuweI3-zoe8,was_live,8489.0,332,streams,2026-05-06T02:38:06.455001+00:00,transcript_ready,completed,false,supadata,data/transcripts/youtube/kenny-finance-streams/RuweI3-zoe8.json,2026-05-06T03:14:54.059058+00:00,2026-05-06T03:14:55.996962+00:00,,data/raw/youtube/kenny-finance-streams/videos/RuweI3-zoe8.json
Kenny Finance,kenny-finance-streams,SME0LaYCEJI,[18/365] LEARNING EVERYTHING ABOUT QUANTUM COMPUTING,https://www.youtube.com/watch?v=SME0LaYCEJI,was_live,8389.0,218,streams,2026-05-06T02:38:06.455001+00:00,transcript_ready,completed,false,supadata,data/transcripts/youtube/kenny-finance-streams/SME0LaYCEJI.json,2026-05-06T03:15:06.216536+00:00,2026-05-06T03:15:09.988249+00:00,,data/raw/youtube/kenny-finance-streams/videos/SME0LaYCEJI.json
Kenny Finance,kenny-finance-streams,TE5vnGvqGQs,[22/365] RANKING GROCERY STORES AND REACTING TO BITGO IPO,https://www.youtube.com/watch?v=TE5vnGvqGQs,was_live,9171.0,174,streams,2026-05-06T02:38:06.455001+00:00,transcript_ready,completed,false,supadata,data/transcripts/youtube/kenny-finance-streams/TE5vnGvqGQs.json,2026-05-06T03:15:25.632789+00:00,2026-05-06T03:15:29.961846+00:00,,data/raw/youtube/kenny-finance-streams/videos/TE5vnGvqGQs.json
Kenny Finance,kenny-finance-streams,Uu6nSYuh-Cs,[59/365] SCALING SMALL BUSINESS SATURDAYS (AI EDITION),https://www.youtube.com/watch?v=Uu6nSYuh-Cs,was_live,12579.0,292,streams,2026-05-06T02:38:06.455001+00:00,transcript_ready,completed,false,supadata,data/transcripts/youtube/kenny-finance-streams/Uu6nSYuh-Cs.json,2026-05-06T03:15:37.923865+00:00,2026-05-06T03:15:41.116797+00:00,,data/raw/youtube/kenny-finance-streams/videos/Uu6nSYuh-Cs.json
Kenny Finance,kenny-finance-streams,VbW3s5s5NpU,[63/365] BUYING EMPTY CASTLES IN JAPAN,https://www.youtube.com/watch?v=VbW3s5s5NpU,was_live,5721.0,345,streams,2026-05-06T02:38:06.455001+00:00,transcript_ready,completed,false,supadata,data/transcripts/youtube/kenny-finance-streams/VbW3s5s5NpU.json,2026-05-06T03:15:58.932424+00:00,2026-05-06T03:16:04.367833+00:00,,data/raw/youtube/kenny-finance-streams/videos/VbW3s5s5NpU.json
Kenny Finance,kenny-finance-streams,VpQhvmZBIkQ,🔴LIVE! CHAT CAPITAL! VISION BOARDING,https://www.youtube.com/watch?v=VpQhvmZBIkQ,was_live,10481.0,366,streams,2026-05-06T02:38:06.455001+00:00,transcript_ready,completed,false,supadata,data/transcripts/youtube/kenny-finance-streams/VpQhvmZBIkQ.json,2026-05-06T03:16:15.565523+00:00,2026-05-06T03:16:21.348165+00:00,,data/raw/youtube/kenny-finance-streams/videos/VpQhvmZBIkQ.json
Kenny Finance,kenny-finance-streams,Wnjvc98VxR8,[97/365] HORMUZ RE-OPENS | 2-WEEK CEASEFIRE | MARKETS ARE BACK?,https://www.youtube.com/watch?v=Wnjvc98VxR8,was_live,7413.0,510,streams,2026-05-06T02:38:06.455001+00:00,transcript_ready,completed,false,supadata,data/transcripts/youtube/kenny-finance-streams/Wnjvc98VxR8.json,2026-05-06T03:16:29.056602+00:00,2026-05-06T03:16:35.225863+00:00,,data/raw/youtube/kenny-finance-streams/videos/Wnjvc98VxR8.json
Kenny Finance,kenny-finance-streams,XcvmcWKRyDI,[25/365] WHAT ACTUALLY HAPPENED AT DAVOS 2026 (WORLD ECONOMIC FORUM),https://www.youtube.com/watch?v=XcvmcWKRyDI,was_live,10005.0,289,streams,2026-05-06T02:38:06.455001+00:00,transcript_ready,completed,false,supadata,data/transcripts/youtube/kenny-finance-streams/XcvmcWKRyDI.json,2026-05-06T03:16:41.626707+00:00,2026-05-06T03:16:45.020906+00:00,,data/raw/youtube/kenny-finance-streams/videos/XcvmcWKRyDI.json
Kenny Finance,kenny-finance-streams,XwIFCLRAa08,[34/365] THE BEGINNING OF THE END FOR SOFTWARE,https://www.youtube.com/watch?v=XwIFCLRAa08,was_live,11826.0,206,streams,2026-05-06T02:38:06.455001+00:00,transcript_ready,completed,false,supadata,data/transcripts/youtube/kenny-finance-streams/XwIFCLRAa08.json,2026-05-06T03:16:50.990038+00:00,2026-05-06T03:16:55.773145+00:00,,data/raw/youtube/kenny-finance-streams/videos/XwIFCLRAa08.json
Kenny Finance,kenny-finance-streams,YIOxvcFSN0o,[79/365] DAY 4 in MIAMI. HUNTING FOR DEALS AND REAL ESTATE,https://www.youtube.com/watch?v=YIOxvcFSN0o,was_live,5385.0,175,streams,2026-05-06T02:38:06.455001+00:00,transcript_ready,completed,false,supadata,data/transcripts/youtube/kenny-finance-streams/YIOxvcFSN0o.json,2026-05-06T03:17:28.072025+00:00,2026-05-06T03:17:32.622879+00:00,,data/raw/youtube/kenny-finance-streams/videos/YIOxvcFSN0o.json
Kenny Finance,kenny-finance-streams,YKPADht0BOs,[89/365] DUMPSTER DIVING IN MARKET SELLOFF,https://www.youtube.com/watch?v=YKPADht0BOs,was_live,7666.0,238,streams,2026-05-06T02:38:06.455001+00:00,transcript_ready,completed,false,supadata,data/transcripts/youtube/kenny-finance-streams/YKPADht0BOs.json,2026-05-06T03:17:32.622879+00:00,2026-05-06T03:17:43.598949+00:00,,data/raw/youtube/kenny-finance-streams/videos/YKPADht0BOs.json
Kenny Finance,kenny-finance-streams,aJLEgnWWOwU,[44/365] STOCK PITCH FRIDAYS WITH CHAT CAPITAL,https://www.youtube.com/watch?v=aJLEgnWWOwU,was_live,8575.0,226,streams,2026-05-06T02:38:06.455001+00:00,transcript_ready,completed,false,supadata,data/transcripts/youtube/kenny-finance-streams/aJLEgnWWOwU.json,2026-05-06T03:07:12.895785+00:00,2026-05-06T03:07:14.593652+00:00,,data/raw/youtube/kenny-finance-streams/videos/aJLEgnWWOwU.json
Kenny Finance,kenny-finance-streams,atn8WAbcjxw,[90/365] IS THE WAR OVER? MARKETS BACK? | 1Q OF CHAT CAPITAL STREAMS COMPLETE!,https://www.youtube.com/watch?v=atn8WAbcjxw,was_live,7767.0,154,streams,2026-05-06T02:38:06.455001+00:00,transcript_ready,completed,false,supadata,data/transcripts/youtube/kenny-finance-streams/atn8WAbcjxw.json,2026-05-06T03:07:16.421612+00:00,2026-05-06T03:07:18.619177+00:00,,data/raw/youtube/kenny-finance-streams/videos/atn8WAbcjxw.json
Kenny Finance,kenny-finance-streams,cZkW6IEw5kQ,[75/365] NVIDIA GTC 2026 AND FINISHING MY VIBE CODING PROJECT!,https://www.youtube.com/watch?v=cZkW6IEw5kQ,was_live,4602.0,216,streams,2026-05-06T02:38:06.455001+00:00,transcript_ready,completed,false,supadata,data/transcripts/youtube/kenny-finance-streams/cZkW6IEw5kQ.json,2026-05-06T03:07:35.035215+00:00,2026-05-06T03:07:40.575259+00:00,,data/raw/youtube/kenny-finance-streams/videos/cZkW6IEw5kQ.json
Kenny Finance,kenny-finance-streams,cg0iLpCc34s,[113/365] INTEL JUST SHOCKED THE AI NON-BELEIVERS,https://www.youtube.com/watch?v=cg0iLpCc34s,was_live,6200.0,285,streams,2026-05-06T02:38:06.455001+00:00,transcript_ready,completed,false,supadata,data/transcripts/youtube/kenny-finance-streams/cg0iLpCc34s.json,2026-05-06T03:07:30.477966+00:00,2026-05-06T03:07:32.434643+00:00,,data/raw/youtube/kenny-finance-streams/videos/cg0iLpCc34s.json
Kenny Finance,kenny-finance-streams,dG_vVb9BEjs,[91/365] MAKING A PERSONAL ASSISTANT ON CLAUDE,https://www.youtube.com/watch?v=dG_vVb9BEjs,was_live,5932.0,327,streams,2026-05-06T02:38:06.455001+00:00,transcript_ready,completed,false,supadata,data/transcripts/youtube/kenny-finance-streams/dG_vVb9BEjs.json,2026-05-06T03:07:40.576260+00:00,2026-05-06T03:07:43.934655+00:00,,data/raw/youtube/kenny-finance-streams/videos/dG_vVb9BEjs.json
Kenny Finance,kenny-finance-streams,dXTFYZzWeIQ,[24/365] REACTING TO INTEL EARNINGS (AI BOOM OVER?),https://www.youtube.com/watch?v=dXTFYZzWeIQ,was_live,13571.0,350,streams,2026-05-06T02:38:06.455001+00:00,transcript_ready,completed,false,supadata,data/transcripts/youtube/kenny-finance-streams/dXTFYZzWeIQ.json,2026-05-06T03:07:51.466439+00:00,2026-05-06T03:07:53.817440+00:00,,data/raw/youtube/kenny-finance-streams/videos/dXTFYZzWeIQ.json
Kenny Finance,kenny-finance-streams,e-xf_sWB07Q,CES 2026 RECAP,https://www.youtube.com/watch?v=e-xf_sWB07Q,was_live,852.0,114,streams,2026-05-06T02:38:06.455001+00:00,transcript_ready,completed,false,supadata,data/transcripts/youtube/kenny-finance-streams/e-xf_sWB07Q.json,2026-05-06T03:18:41.609293+00:00,2026-05-06T03:18:43.491605+00:00,,data/raw/youtube/kenny-finance-streams/videos/e-xf_sWB07Q.json
Kenny Finance,kenny-finance-streams,fmF8Q5T7RBc,[46/365] Testing AI Software for Boring Businesses,https://www.youtube.com/watch?v=fmF8Q5T7RBc,was_live,10172.0,307,streams,2026-05-06T02:38:06.455001+00:00,transcript_ready,completed,false,supadata,data/transcripts/youtube/kenny-finance-streams/fmF8Q5T7RBc.json,2026-05-06T03:10:12.959361+00:00,2026-05-06T03:10:29.014041+00:00,,data/raw/youtube/kenny-finance-streams/videos/fmF8Q5T7RBc.json
Kenny Finance,kenny-finance-streams,g5WICkrIrVk,🔴LIVE! CHAT CAPITAL! 2026 PREDICTIONS,https://www.youtube.com/watch?v=g5WICkrIrVk,was_live,14921.0,547,streams,2026-05-06T02:38:06.455001+00:00,transcript_ready,completed,false,supadata,data/transcripts/youtube/kenny-finance-streams/g5WICkrIrVk.json,2026-05-06T03:10:29.015072+00:00,2026-05-06T03:10:30.864171+00:00,,data/raw/youtube/kenny-finance-streams/videos/g5WICkrIrVk.json
Kenny Finance,kenny-finance-streams,gbOqbKFRzW0,[40/365] BUYING A ROOFING COMPANY WITH CHAT,https://www.youtube.com/watch?v=gbOqbKFRzW0,was_live,7401.0,263,streams,2026-05-06T02:38:06.455001+00:00,transcript_ready,completed,false,supadata,data/transcripts/youtube/kenny-finance-streams/gbOqbKFRzW0.json,2026-05-06T03:10:34.059359+00:00,2026-05-06T03:10:37.612217+00:00,,data/raw/youtube/kenny-finance-streams/videos/gbOqbKFRzW0.json
Kenny Finance,kenny-finance-streams,gfrRYI_SoQo,[49/365] FINDING THE BEST INTERNATIONAL STOCKS (ASIA),https://www.youtube.com/watch?v=gfrRYI_SoQo,was_live,7636.0,232,streams,2026-05-06T02:38:06.455001+00:00,transcript_ready,completed,false,supadata,data/transcripts/youtube/kenny-finance-streams/gfrRYI_SoQo.json,2026-05-06T03:10:40.641025+00:00,2026-05-06T03:10:42.694960+00:00,,data/raw/youtube/kenny-finance-streams/videos/gfrRYI_SoQo.json
Kenny Finance,kenny-finance-streams,gwucqK2GVDU,[42/365] CONSUMER EARNINGS WITH CHAT CAPITAL,https://www.youtube.com/watch?v=gwucqK2GVDU,was_live,9590.0,150,streams,2026-05-06T02:38:06.455001+00:00,transcript_ready,completed,false,supadata,data/transcripts/youtube/kenny-finance-streams/gwucqK2GVDU.json,2026-05-06T03:10:42.694960+00:00,2026-05-06T03:10:45.184637+00:00,,data/raw/youtube/kenny-finance-streams/videos/gwucqK2GVDU.json
Kenny Finance,kenny-finance-streams,h0Y1j_UPReE,[15/365] REACTING TO TSMC EARNINGS AND FINDING AI STOCKS,https://www.youtube.com/watch?v=h0Y1j_UPReE,was_live,9069.0,161,streams,2026-05-06T02:38:06.455001+00:00,transcript_ready,completed,false,supadata,data/transcripts/youtube/kenny-finance-streams/h0Y1j_UPReE.json,2026-05-06T03:10:45.185493+00:00,2026-05-06T03:10:52.897658+00:00,,data/raw/youtube/kenny-finance-streams/videos/h0Y1j_UPReE.json
Kenny Finance,kenny-finance-streams,h7y8H3pqY3g,[60/365] SMALL CAP STOCK SUNDAYS!,https://www.youtube.com/watch?v=h7y8H3pqY3g,was_live,10317.0,242,streams,2026-05-06T02:38:06.455001+00:00,transcript_ready,completed,false,supadata,data/transcripts/youtube/kenny-finance-streams/h7y8H3pqY3g.json,2026-05-06T03:10:58.051930+00:00,2026-05-06T03:11:05.342175+00:00,,data/raw/youtube/kenny-finance-streams/videos/h7y8H3pqY3g.json
Kenny Finance,kenny-finance-streams,hSSpEemhi6E,[31/365] VIBE CODING A BILLION DOLLAR IDEA,https://www.youtube.com/watch?v=hSSpEemhi6E,was_live,22409.0,406,streams,2026-05-06T02:38:06.455001+00:00,transcript_ready,completed,false,supadata,data/transcripts/youtube/kenny-finance-streams/hSSpEemhi6E.json,2026-05-06T03:11:05.343310+00:00,2026-05-06T03:11:08.156836+00:00,,data/raw/youtube/kenny-finance-streams/videos/hSSpEemhi6E.json
Kenny Finance,kenny-finance-streams,htlJE56Nd74,[112/365] UNPACKING TESLA'S EARNINGS,https://www.youtube.com/watch?v=htlJE56Nd74,was_live,6975.0,311,streams,2026-05-06T02:38:06.455001+00:00,transcript_ready,completed,false,supadata,data/transcripts/youtube/kenny-finance-streams/htlJE56Nd74.json,2026-05-06T03:11:08.157924+00:00,2026-05-06T03:11:10.127449+00:00,,data/raw/youtube/kenny-finance-streams/videos/htlJE56Nd74.json
Kenny Finance,kenny-finance-streams,hvroD62hP0k,[86/365] BUILDING AI SOURCING AGENT FOR PRIVATE EQUITY,https://www.youtube.com/watch?v=hvroD62hP0k,was_live,9056.0,302,streams,2026-05-06T02:38:06.455001+00:00,transcript_ready,completed,false,supadata,data/transcripts/youtube/kenny-finance-streams/hvroD62hP0k.json,2026-05-06T03:11:12.302388+00:00,2026-05-06T03:11:25.110784+00:00,,data/raw/youtube/kenny-finance-streams/videos/hvroD62hP0k.json
Kenny Finance,kenny-finance-streams,i_wXBBXmfsk,[74/365] VIBE CODING A BILLION DOLLAR BUSINESS,https://www.youtube.com/watch?v=i_wXBBXmfsk,was_live,19281.0,628,streams,2026-05-06T02:38:06.455001+00:00,transcript_ready,completed,false,supadata,data/transcripts/youtube/kenny-finance-streams/i_wXBBXmfsk.json,2026-05-06T03:11:25.110784+00:00,2026-05-06T03:11:34.023716+00:00,,data/raw/youtube/kenny-finance-streams/videos/i_wXBBXmfsk.json
Kenny Finance,kenny-finance-streams,ibngu1PdgHk,[110/365] SOURCING ACQUISITIONS AND STOCKS,https://www.youtube.com/watch?v=ibngu1PdgHk,was_live,5841.0,338,streams,2026-05-06T02:38:06.455001+00:00,transcript_ready,completed,false,supadata,data/transcripts/youtube/kenny-finance-streams/ibngu1PdgHk.json,2026-05-06T03:11:34.023716+00:00,2026-05-06T03:11:37.635579+00:00,,data/raw/youtube/kenny-finance-streams/videos/ibngu1PdgHk.json
Kenny Finance,kenny-finance-streams,j9msVnWNgJQ,[62/365] DUMPSTER DIVING IN THE SELLOFF,https://www.youtube.com/watch?v=j9msVnWNgJQ,was_live,6114.0,308,streams,2026-05-06T02:38:06.455001+00:00,transcript_ready,completed,false,supadata,data/transcripts/youtube/kenny-finance-streams/j9msVnWNgJQ.json,2026-05-06T03:11:42.996993+00:00,2026-05-06T03:11:46.304403+00:00,,data/raw/youtube/kenny-finance-streams/videos/j9msVnWNgJQ.json
Kenny Finance,kenny-finance-streams,kDjvq-jqcOc,[66/365] SOURCING YOU A BUSINESS ON A SATURDAY,https://www.youtube.com/watch?v=kDjvq-jqcOc,was_live,5730.0,407,streams,2026-05-06T02:38:06.455001+00:00,transcript_ready,completed,false,supadata,data/transcripts/youtube/kenny-finance-streams/kDjvq-jqcOc.json,2026-05-06T03:12:06.518301+00:00,2026-05-06T03:12:08.466208+00:00,,data/raw/youtube/kenny-finance-streams/videos/kDjvq-jqcOc.json
Kenny Finance,kenny-finance-streams,kEBNBJtUxzY,[80/365] DAY 5 in MIAMI. HUNTING FOR DEALS AND REAL ESTATE,https://www.youtube.com/watch?v=kEBNBJtUxzY,was_live,1312.0,133,streams,2026-05-06T02:38:06.455001+00:00,transcript_ready,completed,false,supadata,data/transcripts/youtube/kenny-finance-streams/kEBNBJtUxzY.json,2026-05-06T03:12:15.562566+00:00,2026-05-06T03:12:17.265783+00:00,,data/raw/youtube/kenny-finance-streams/videos/kEBNBJtUxzY.json
Kenny Finance,kenny-finance-streams,lWAYai23RKc,[100/365] I VIBE CODED FOR 100 DAYS STRAIGHT,https://www.youtube.com/watch?v=lWAYai23RKc,was_live,6163.0,390,streams,2026-05-06T02:38:06.455001+00:00,transcript_ready,completed,false,supadata,data/transcripts/youtube/kenny-finance-streams/lWAYai23RKc.json,2026-05-06T03:12:48.769025+00:00,2026-05-06T03:12:53.020097+00:00,,data/raw/youtube/kenny-finance-streams/videos/lWAYai23RKc.json
Kenny Finance,kenny-finance-streams,leAI8DbVoVY,[39/365] ECONOMICS OF SUPERBOWL ADS,https://www.youtube.com/watch?v=leAI8DbVoVY,was_live,7860.0,243,streams,2026-05-06T02:38:06.455001+00:00,transcript_ready,completed,false,supadata,data/transcripts/youtube/kenny-finance-streams/leAI8DbVoVY.json,2026-05-06T03:12:40.755837+00:00,2026-05-06T03:12:43.406215+00:00,,data/raw/youtube/kenny-finance-streams/videos/leAI8DbVoVY.json
Kenny Finance,kenny-finance-streams,mqAdqDZ0h54,"[72/365] FINANCE FRIDAYS! STOCKS, SOURCING and SMART MONEY MOVES",https://www.youtube.com/watch?v=mqAdqDZ0h54,was_live,8223.0,200,streams,2026-05-06T02:38:06.455001+00:00,transcript_ready,completed,false,supadata,data/transcripts/youtube/kenny-finance-streams/mqAdqDZ0h54.json,2026-05-06T03:13:20.410735+00:00,2026-05-06T03:13:36.691048+00:00,,data/raw/youtube/kenny-finance-streams/videos/mqAdqDZ0h54.json
Kenny Finance,kenny-finance-streams,n5sdjTYZ210,[67/365] THE OIL CRISIS OF 1973 (AND LESSONS FOR 2026),https://www.youtube.com/watch?v=n5sdjTYZ210,was_live,7502.0,215,streams,2026-05-06T02:38:06.455001+00:00,transcript_ready,completed,false,supadata,data/transcripts/youtube/kenny-finance-streams/n5sdjTYZ210.json,2026-05-06T03:13:41.330353+00:00,2026-05-06T03:13:49.411402+00:00,,data/raw/youtube/kenny-finance-streams/videos/n5sdjTYZ210.json
Kenny Finance,kenny-finance-streams,oAsvwKhrGo8,"[84/365] WHAT IS HAPPENING WITH VCX (+1,500%+ above NAV)",https://www.youtube.com/watch?v=oAsvwKhrGo8,was_live,7211.0,276,streams,2026-05-06T02:38:06.455001+00:00,transcript_ready,completed,false,supadata,data/transcripts/youtube/kenny-finance-streams/oAsvwKhrGo8.json,2026-05-06T03:14:00.318727+00:00,2026-05-06T03:14:04.232864+00:00,,data/raw/youtube/kenny-finance-streams/videos/oAsvwKhrGo8.json
Kenny Finance,kenny-finance-streams,oYKhLPdMnAs,🔴LIVE AT CES 2026 | DAY 4 (LAST DAY - SLOTS?),https://www.youtube.com/watch?v=oYKhLPdMnAs,was_live,6357.0,200,streams,2026-05-06T02:38:06.455001+00:00,transcript_ready,completed,false,supadata,data/transcripts/youtube/kenny-finance-streams/oYKhLPdMnAs.json,2026-05-06T03:14:12.233160+00:00,2026-05-06T03:14:23.606077+00:00,,data/raw/youtube/kenny-finance-streams/videos/oYKhLPdMnAs.json
Kenny Finance,kenny-finance-streams,ocCIkZPBrHE,[33/365] THE NEXT WORLD RESERVE CURRENCY,https://www.youtube.com/watch?v=ocCIkZPBrHE,was_live,9839.0,193,streams,2026-05-06T02:38:06.455001+00:00,transcript_ready,completed,false,supadata,data/transcripts/youtube/kenny-finance-streams/ocCIkZPBrHE.json,2026-05-06T03:14:04.233883+00:00,2026-05-06T03:14:06.993328+00:00,,data/raw/youtube/kenny-finance-streams/videos/ocCIkZPBrHE.json
Kenny Finance,kenny-finance-streams,ot__5tKh9us,"[81/365] SOURCING, STOCKS & MIAMI RECAP",https://www.youtube.com/watch?v=ot__5tKh9us,was_live,6529.0,277,streams,2026-05-06T02:38:06.455001+00:00,transcript_ready,completed,false,supadata,data/transcripts/youtube/kenny-finance-streams/ot__5tKh9us.json,2026-05-06T03:14:06.994451+00:00,2026-05-06T03:14:12.232492+00:00,,data/raw/youtube/kenny-finance-streams/videos/ot__5tKh9us.json
Kenny Finance,kenny-finance-streams,ozGQDtsnPr0,[71/365] SOURCING ENERGY INVESTMENTS,https://www.youtube.com/watch?v=ozGQDtsnPr0,was_live,7367.0,316,streams,2026-05-06T02:38:06.455001+00:00,transcript_ready,completed,false,supadata,data/transcripts/youtube/kenny-finance-streams/ozGQDtsnPr0.json,2026-05-06T03:14:23.606077+00:00,2026-05-06T03:14:27.158112+00:00,,data/raw/youtube/kenny-finance-streams/videos/ozGQDtsnPr0.json
Kenny Finance,kenny-finance-streams,qbTg2jgR1Es,[23/365] PITCHING STOCKS FOR CHAT CAPITAL TODAY,https://www.youtube.com/watch?v=qbTg2jgR1Es,was_live,8966.0,154,streams,2026-05-06T02:38:06.455001+00:00,transcript_ready,completed,false,supadata,data/transcripts/youtube/kenny-finance-streams/qbTg2jgR1Es.json,2026-05-06T03:14:43.244973+00:00,2026-05-06T03:14:46.029745+00:00,,data/raw/youtube/kenny-finance-streams/videos/qbTg2jgR1Es.json
Kenny Finance,kenny-finance-streams,sGH_nETrvBQ,[105/365] PREPPING FOR AI EARNINGS SEASON,https://www.youtube.com/watch?v=sGH_nETrvBQ,was_live,6468.0,230,streams,2026-05-06T02:38:06.455001+00:00,transcript_ready,completed,false,supadata,data/transcripts/youtube/kenny-finance-streams/sGH_nETrvBQ.json,2026-05-06T03:14:55.997961+00:00,2026-05-06T03:15:06.216536+00:00,,data/raw/youtube/kenny-finance-streams/videos/sGH_nETrvBQ.json
Kenny Finance,kenny-finance-streams,sRtte3uD-vw,[47/365] Mr. Beast is Buying Businesses!,https://www.youtube.com/watch?v=sRtte3uD-vw,was_live,7522.0,268,streams,2026-05-06T02:38:06.455001+00:00,transcript_ready,completed,false,supadata,data/transcripts/youtube/kenny-finance-streams/sRtte3uD-vw.json,2026-05-06T03:15:09.989240+00:00,2026-05-06T03:15:16.526748+00:00,,data/raw/youtube/kenny-finance-streams/videos/sRtte3uD-vw.json
Kenny Finance,kenny-finance-streams,tDEfk02k3zo,[99/365] SOURCING 50 BUSINESSES FOR HITTING 50K SUBS!!!,https://www.youtube.com/watch?v=tDEfk02k3zo,was_live,9360.0,625,streams,2026-05-06T02:38:06.455001+00:00,transcript_ready,completed,false,supadata,data/transcripts/youtube/kenny-finance-streams/tDEfk02k3zo.json,2026-05-06T03:18:59.927351+00:00,2026-05-06T03:19:04.138129+00:00,,data/raw/youtube/kenny-finance-streams/videos/tDEfk02k3zo.json
Kenny Finance,kenny-finance-streams,uq46wuvse2k,[53/365] FINDING UNDERVALUED STOCKS ON A SUNDAY,https://www.youtube.com/watch?v=uq46wuvse2k,was_live,8683.0,355,streams,2026-05-06T02:38:06.455001+00:00,transcript_ready,completed,false,supadata,data/transcripts/youtube/kenny-finance-streams/uq46wuvse2k.json,2026-05-06T03:15:29.962441+00:00,2026-05-06T03:15:37.922796+00:00,,data/raw/youtube/kenny-finance-streams/videos/uq46wuvse2k.json
Kenny Finance,kenny-finance-streams,uujShWMy208,[83/365] STOCKS MOST IMPACTED BY AI,https://www.youtube.com/watch?v=uujShWMy208,was_live,8660.0,227,streams,2026-05-06T02:38:06.455001+00:00,transcript_ready,completed,false,supadata,data/transcripts/youtube/kenny-finance-streams/uujShWMy208.json,2026-05-06T03:15:41.116797+00:00,2026-05-06T03:15:52.511411+00:00,,data/raw/youtube/kenny-finance-streams/videos/uujShWMy208.json
Kenny Finance,kenny-finance-streams,uwpd45ZuY2M,🔴LIVE AT CES 2026 | DAY 2 (ROBOTS TECH & AI),https://www.youtube.com/watch?v=uwpd45ZuY2M,was_live,7531.0,272,streams,2026-05-06T02:38:06.455001+00:00,transcript_ready,completed,false,supadata,data/transcripts/youtube/kenny-finance-streams/uwpd45ZuY2M.json,2026-05-06T03:15:52.512404+00:00,2026-05-06T03:15:58.932424+00:00,,data/raw/youtube/kenny-finance-streams/videos/uwpd45ZuY2M.json
Kenny Finance,kenny-finance-streams,vKFmjQ_J610,[30/365] RANKING TOP AI STOCKS OF 2025,https://www.youtube.com/watch?v=vKFmjQ_J610,was_live,13443.0,178,streams,2026-05-06T02:38:06.455001+00:00,transcript_ready,completed,false,supadata,data/transcripts/youtube/kenny-finance-streams/vKFmjQ_J610.json,2026-05-06T03:16:07.643121+00:00,2026-05-06T03:16:15.565523+00:00,,data/raw/youtube/kenny-finance-streams/videos/vKFmjQ_J610.json
Kenny Finance,kenny-finance-streams,vZOzVKh6fmQ,[14/365] VIBE CODING WITH CHAT AND RANKING YOUTUBER BUSINESSES,https://www.youtube.com/watch?v=vZOzVKh6fmQ,was_live,6459.0,203,streams,2026-05-06T02:38:06.455001+00:00,transcript_ready,completed,false,supadata,data/transcripts/youtube/kenny-finance-streams/vZOzVKh6fmQ.json,2026-05-06T03:16:21.349158+00:00,2026-05-06T03:16:26.505258+00:00,,data/raw/youtube/kenny-finance-streams/videos/vZOzVKh6fmQ.json
Kenny Finance,kenny-finance-streams,viKpE4aBdoc,[11/365] BUILDING A HOLDING COMPANY WITH CHAT,https://www.youtube.com/watch?v=viKpE4aBdoc,was_live,6439.0,219,streams,2026-05-06T02:38:06.455001+00:00,transcript_ready,completed,false,supadata,data/transcripts/youtube/kenny-finance-streams/viKpE4aBdoc.json,2026-05-06T03:16:04.369174+00:00,2026-05-06T03:16:07.642129+00:00,,data/raw/youtube/kenny-finance-streams/videos/viKpE4aBdoc.json
Kenny Finance,kenny-finance-streams,wdRBxIGZhSo,[117/365] IS THE AI BUBBLE ABOUT TO POP THIS WEEK?,https://www.youtube.com/watch?v=wdRBxIGZhSo,was_live,6250.0,250,streams,2026-05-06T02:38:06.455001+00:00,transcript_ready,completed,false,supadata,data/transcripts/youtube/kenny-finance-streams/wdRBxIGZhSo.json,2026-05-06T03:16:26.506471+00:00,2026-05-06T03:16:29.055927+00:00,,data/raw/youtube/kenny-finance-streams/videos/wdRBxIGZhSo.json
Kenny Finance,kenny-finance-streams,x0oFILWH18s,🔴LIVE AT CES 2026 | DAY 3 (INSANE ROBOTS),https://www.youtube.com/watch?v=x0oFILWH18s,was_live,6247.0,402,streams,2026-05-06T02:38:06.455001+00:00,transcript_ready,completed,false,supadata,data/transcripts/youtube/kenny-finance-streams/x0oFILWH18s.json,2026-05-06T03:16:35.226972+00:00,2026-05-06T03:16:41.626707+00:00,,data/raw/youtube/kenny-finance-streams/videos/x0oFILWH18s.json
Kenny Finance,kenny-finance-streams,xiZfB1p08z8,"LIVE: MAG 7 EARNINGS (GOOG, MSFT, META, AMZN) [119/365]",https://www.youtube.com/watch?v=xiZfB1p08z8,was_live,4730.0,200,streams,2026-05-06T02:38:06.455001+00:00,transcript_ready,completed,false,supadata,data/transcripts/youtube/kenny-finance-streams/xiZfB1p08z8.json,2026-05-06T03:16:45.021909+00:00,2026-05-06T03:16:50.989008+00:00,,data/raw/youtube/kenny-finance-streams/videos/xiZfB1p08z8.json
Kenny Finance,kenny-finance-streams,y8wdKqVFg-Q,[76/365] DAY 1 in MIAMI. HUNTING FOR DEALS AND REAL ESTATE,https://www.youtube.com/watch?v=y8wdKqVFg-Q,was_live,4232.0,299,streams,2026-05-06T02:38:06.455001+00:00,transcript_ready,completed,false,supadata,data/transcripts/youtube/kenny-finance-streams/y8wdKqVFg-Q.json,2026-05-06T03:16:55.774165+00:00,2026-05-06T03:17:21.950792+00:00,,data/raw/youtube/kenny-finance-streams/videos/y8wdKqVFg-Q.json
Kenny Finance,kenny-finance-streams,yejY2RrAPl8,[10/365] SOURCING BUSINESSES LIVE WITH CHAT,https://www.youtube.com/watch?v=yejY2RrAPl8,was_live,7651.0,378,streams,2026-05-06T02:38:06.455001+00:00,transcript_ready,completed,false,supadata,data/transcripts/youtube/kenny-finance-streams/yejY2RrAPl8.json,2026-05-06T03:17:21.950792+00:00,2026-05-06T03:17:28.072025+00:00,,data/raw/youtube/kenny-finance-streams/videos/yejY2RrAPl8.json
Kenny Finance,kenny-finance-streams,yw6MXbnQn5I,[101/365] IRL STREAM IN LA,https://www.youtube.com/watch?v=yw6MXbnQn5I,was_live,4509.0,224,streams,2026-05-06T02:38:06.455001+00:00,transcript_ready,completed,false,supadata,data/transcripts/youtube/kenny-finance-streams/yw6MXbnQn5I.json,2026-05-06T03:17:43.601025+00:00,2026-05-06T03:17:45.564217+00:00,,data/raw/youtube/kenny-finance-streams/videos/yw6MXbnQn5I.json
Kenny Finance,kenny-finance-streams,z57_1zXDqOQ,[85/365] CAN CLAUDE RUN MY PRIVATE EQUITY FUND?,https://www.youtube.com/watch?v=z57_1zXDqOQ,was_live,8081.0,659,streams,2026-05-06T02:38:06.455001+00:00,transcript_ready,completed,false,supadata,data/transcripts/youtube/kenny-finance-streams/z57_1zXDqOQ.json,2026-05-06T03:17:45.565681+00:00,2026-05-06T03:17:52.748380+00:00,,data/raw/youtube/kenny-finance-streams/videos/z57_1zXDqOQ.json
Kenny Finance,kenny-finance-streams,z_G2QhBgib8,[56/365] UNPACKING NVIDIA EARNINGS,https://www.youtube.com/watch?v=z_G2QhBgib8,was_live,6573.0,365,streams,2026-05-06T02:38:06.455001+00:00,transcript_ready,completed,false,supadata,data/transcripts/youtube/kenny-finance-streams/z_G2QhBgib8.json,2026-05-06T03:17:52.749379+00:00,2026-05-06T03:18:00.706259+00:00,,data/raw/youtube/kenny-finance-streams/videos/z_G2QhBgib8.json
Kenny Finance,kenny-finance-streams,zty5uTYD3kU,[85/365] CAN CLAUDE RUN MY PRIVATE EQUITY FUND?,https://www.youtube.com/watch?v=zty5uTYD3kU,was_live,206.0,142,streams,2026-05-06T02:38:06.455001+00:00,needs_review,failed,true,supadata,,2026-05-06T03:19:22.649590+00:00,,Transcript job started asynchronously for https://www.youtube.com/watch?v=zty5uTYD3kU: bd755853-1081-4d3e-a354-e035dce4cbc4,data/raw/youtube/kenny-finance-streams/videos/zty5uTYD3kU.json
