video_id,video_url,entry_title,live_status,duration_seconds,view_count,saved_json_path,fetched_at
MaAFwdMXCMI,https://www.youtube.com/watch?v=MaAFwdMXCMI,[122/365] ADDING NEW RETAILERS TO MY NEW MALL!,was_live,8764.0,324,data\raw\youtube\kenny-finance-streams\videos\MaAFwdMXCMI.json,2026-05-06T02:38:06.455001+00:00
K56iDpSqDfo,https://www.youtube.com/watch?v=K56iDpSqDfo,[121/365] I BOUGHT A MALL!!!,was_live,7653.0,322,data\raw\youtube\kenny-finance-streams\videos\K56iDpSqDfo.json,2026-05-06T02:38:06.455001+00:00
2arUCdauzg0,https://www.youtube.com/watch?v=2arUCdauzg0,[120/365] UNPACKING SNDK'S BLOWOUT EARNINGS,was_live,6070.0,217,data\raw\youtube\kenny-finance-streams\videos\2arUCdauzg0.json,2026-05-06T02:38:06.455001+00:00
xiZfB1p08z8,https://www.youtube.com/watch?v=xiZfB1p08z8,"LIVE: MAG 7 EARNINGS (GOOG, MSFT, META, AMZN) [119/365]",was_live,4730.0,200,data\raw\youtube\kenny-finance-streams\videos\xiZfB1p08z8.json,2026-05-06T02:38:06.455001+00:00
9PNVIPMhmI0,https://www.youtube.com/watch?v=9PNVIPMhmI0,[118/365] PREPARING FOR TOMORROW'S EARNINGS SUPERBOWL,was_live,6094.0,153,data\raw\youtube\kenny-finance-streams\videos\9PNVIPMhmI0.json,2026-05-06T02:38:06.455001+00:00
wdRBxIGZhSo,https://www.youtube.com/watch?v=wdRBxIGZhSo,[117/365] IS THE AI BUBBLE ABOUT TO POP THIS WEEK?,was_live,6250.0,250,data\raw\youtube\kenny-finance-streams\videos\wdRBxIGZhSo.json,2026-05-06T02:38:06.455001+00:00
3NRC1X_N8FI,https://www.youtube.com/watch?v=3NRC1X_N8FI,[116/365] MAKING A PERSONAL ASSISTANT ON CLAUDE,was_live,6627.0,305,data\raw\youtube\kenny-finance-streams\videos\3NRC1X_N8FI.json,2026-05-06T02:38:06.455001+00:00
1iRq1DO-XKk,https://www.youtube.com/watch?v=1iRq1DO-XKk,[115/365] MAKING A PERSONAL ASSISTANT ON CLAUDE,was_live,5960.0,737,data\raw\youtube\kenny-finance-streams\videos\1iRq1DO-XKk.json,2026-05-06T02:38:06.455001+00:00
8ivVQ6TGgwk,https://www.youtube.com/watch?v=8ivVQ6TGgwk,[114/365] HELPING NFL DRAFT PICKS BUDGET THEIR MONEY,was_live,7717.0,150,data\raw\youtube\kenny-finance-streams\videos\8ivVQ6TGgwk.json,2026-05-06T02:38:06.455001+00:00
cg0iLpCc34s,https://www.youtube.com/watch?v=cg0iLpCc34s,[113/365] INTEL JUST SHOCKED THE AI NON-BELEIVERS,was_live,6200.0,285,data\raw\youtube\kenny-finance-streams\videos\cg0iLpCc34s.json,2026-05-06T02:38:06.455001+00:00
htlJE56Nd74,https://www.youtube.com/watch?v=htlJE56Nd74,[112/365] UNPACKING TESLA'S EARNINGS,was_live,6975.0,311,data\raw\youtube\kenny-finance-streams\videos\htlJE56Nd74.json,2026-05-06T02:38:06.455001+00:00
DlBgX7VvMvU,https://www.youtube.com/watch?v=DlBgX7VvMvU,[111/365] ASKING CLAUDE TO RUN A HEDGE FUND,was_live,5771.0,374,data\raw\youtube\kenny-finance-streams\videos\DlBgX7VvMvU.json,2026-05-06T02:38:06.455001+00:00
ibngu1PdgHk,https://www.youtube.com/watch?v=ibngu1PdgHk,[110/365] SOURCING ACQUISITIONS AND STOCKS,was_live,5841.0,338,data\raw\youtube\kenny-finance-streams\videos\ibngu1PdgHk.json,2026-05-06T02:38:06.455001+00:00
5cwxVbBwAKo,https://www.youtube.com/watch?v=5cwxVbBwAKo,[109/365] STOCK PITCH COMPETITION!,was_live,5243.0,178,data\raw\youtube\kenny-finance-streams\videos\5cwxVbBwAKo.json,2026-05-06T02:38:06.455001+00:00
GBG6vBRLXtU,https://www.youtube.com/watch?v=GBG6vBRLXtU,[108/365] TURNING CLAUDE INTO MY 24/7 DOCTOR,was_live,8414.0,281,data\raw\youtube\kenny-finance-streams\videos\GBG6vBRLXtU.json,2026-05-06T02:38:06.455001+00:00
Mh_CNIsjcRk,https://www.youtube.com/watch?v=Mh_CNIsjcRk,[107/365] MARKETS ARE BACK?,was_live,6376.0,205,data\raw\youtube\kenny-finance-streams\videos\Mh_CNIsjcRk.json,2026-05-06T02:38:06.455001+00:00
GcYCtRpQc7o,https://www.youtube.com/watch?v=GcYCtRpQc7o,[106/365] VIBE CODING THURSDAYS (NEW OPUS 4.7),was_live,6656.0,313,data\raw\youtube\kenny-finance-streams\videos\GcYCtRpQc7o.json,2026-05-06T02:38:06.455001+00:00
sGH_nETrvBQ,https://www.youtube.com/watch?v=sGH_nETrvBQ,[105/365] PREPPING FOR AI EARNINGS SEASON,was_live,6468.0,230,data\raw\youtube\kenny-finance-streams\videos\sGH_nETrvBQ.json,2026-05-06T02:38:06.455001+00:00
3RZQIXTkCq8,https://www.youtube.com/watch?v=3RZQIXTkCq8,[104/365] FINDING THE BEST COMMERCIAL LENDERS (+Arc Raiders?),was_live,7889.0,240,data\raw\youtube\kenny-finance-streams\videos\3RZQIXTkCq8.json,2026-05-06T02:38:06.455001+00:00
JZvhLFq-j4g,https://www.youtube.com/watch?v=JZvhLFq-j4g,[103/365] SOURCING 50 BUSINESSES in 50 STATES,was_live,6910.0,456,data\raw\youtube\kenny-finance-streams\videos\JZvhLFq-j4g.json,2026-05-06T02:38:06.455001+00:00
H4Xfk7BErT4,https://www.youtube.com/watch?v=H4Xfk7BErT4,[102/365] LIVE DILIGENCE ON A SUBS BUSINESS ACQUISITION,was_live,7520.0,668,data\raw\youtube\kenny-finance-streams\videos\H4Xfk7BErT4.json,2026-05-06T02:38:06.455001+00:00
yw6MXbnQn5I,https://www.youtube.com/watch?v=yw6MXbnQn5I,[101/365] IRL STREAM IN LA,was_live,4509.0,224,data\raw\youtube\kenny-finance-streams\videos\yw6MXbnQn5I.json,2026-05-06T02:38:06.455001+00:00
lWAYai23RKc,https://www.youtube.com/watch?v=lWAYai23RKc,[100/365] I VIBE CODED FOR 100 DAYS STRAIGHT,was_live,6163.0,390,data\raw\youtube\kenny-finance-streams\videos\lWAYai23RKc.json,2026-05-06T02:38:06.455001+00:00
tDEfk02k3zo,https://www.youtube.com/watch?v=tDEfk02k3zo,[99/365] SOURCING 50 BUSINESSES FOR HITTING 50K SUBS!!!,was_live,9360.0,625,data\raw\youtube\kenny-finance-streams\videos\tDEfk02k3zo.json,2026-05-06T02:38:06.455001+00:00
4_Zcgm-LwGc,https://www.youtube.com/watch?v=4_Zcgm-LwGc,[98/365] GREAT DAY IN THE MARKETS. WILL IT LAST?,was_live,11293.0,271,data\raw\youtube\kenny-finance-streams\videos\4_Zcgm-LwGc.json,2026-05-06T02:38:06.455001+00:00
Wnjvc98VxR8,https://www.youtube.com/watch?v=Wnjvc98VxR8,[97/365] HORMUZ RE-OPENS | 2-WEEK CEASEFIRE | MARKETS ARE BACK?,was_live,7413.0,510,data\raw\youtube\kenny-finance-streams\videos\Wnjvc98VxR8.json,2026-05-06T02:38:06.455001+00:00
JJmI9zZVDAM,https://www.youtube.com/watch?v=JJmI9zZVDAM,[96/365] HOW TO FINANCE A BUSINESS ACQUISITION,was_live,5709.0,587,data\raw\youtube\kenny-finance-streams\videos\JJmI9zZVDAM.json,2026-05-06T02:38:06.455001+00:00
Eag04FU5qsg,https://www.youtube.com/watch?v=Eag04FU5qsg,"[95/365] SUNDAY FUNDAY WITH SOURCING, AGENTS & 10-Ks",was_live,8020.0,407,data\raw\youtube\kenny-finance-streams\videos\Eag04FU5qsg.json,2026-05-06T02:38:06.455001+00:00
1-6ngFRp9F4,https://www.youtube.com/watch?v=1-6ngFRp9F4,[94/365] SOURCING BUSINESSES FOR SUBS ON A SATURDAY,was_live,7051.0,344,data\raw\youtube\kenny-finance-streams\videos\1-6ngFRp9F4.json,2026-05-06T02:38:06.455001+00:00
J1cPlSvYtbY,https://www.youtube.com/watch?v=J1cPlSvYtbY,[93/365] GOOD FRIDAY FOR THE FINANCE BROS,was_live,3775.0,160,data\raw\youtube\kenny-finance-streams\videos\J1cPlSvYtbY.json,2026-05-06T02:38:06.455001+00:00
MTovISksVi0,https://www.youtube.com/watch?v=MTovISksVi0,[92/365] PREPPING FOR APRIL EARNINGS SEASON,was_live,7102.0,246,data\raw\youtube\kenny-finance-streams\videos\MTovISksVi0.json,2026-05-06T02:38:06.455001+00:00
dG_vVb9BEjs,https://www.youtube.com/watch?v=dG_vVb9BEjs,[91/365] MAKING A PERSONAL ASSISTANT ON CLAUDE,was_live,5932.0,327,data\raw\youtube\kenny-finance-streams\videos\dG_vVb9BEjs.json,2026-05-06T02:38:06.455001+00:00
atn8WAbcjxw,https://www.youtube.com/watch?v=atn8WAbcjxw,[90/365] IS THE WAR OVER? MARKETS BACK? | 1Q OF CHAT CAPITAL STREAMS COMPLETE!,was_live,7767.0,154,data\raw\youtube\kenny-finance-streams\videos\atn8WAbcjxw.json,2026-05-06T02:38:06.455001+00:00
YKPADht0BOs,https://www.youtube.com/watch?v=YKPADht0BOs,[89/365] DUMPSTER DIVING IN MARKET SELLOFF,was_live,7666.0,238,data\raw\youtube\kenny-finance-streams\videos\YKPADht0BOs.json,2026-05-06T02:38:06.455001+00:00
-5-80f9PSTM,https://www.youtube.com/watch?v=-5-80f9PSTM,[88/365] SUNDAY FUNDAY AND PREPPING FOR A BUSY WEEK!,was_live,11479.0,166,data\raw\youtube\kenny-finance-streams\videos\-5-80f9PSTM.json,2026-05-06T02:38:06.455001+00:00
RuweI3-zoe8,https://www.youtube.com/watch?v=RuweI3-zoe8,[87/365] SOURCING SUBS A BUSINESS ON A SATURDAY,was_live,8489.0,332,data\raw\youtube\kenny-finance-streams\videos\RuweI3-zoe8.json,2026-05-06T02:38:06.455001+00:00
hvroD62hP0k,https://www.youtube.com/watch?v=hvroD62hP0k,[86/365] BUILDING AI SOURCING AGENT FOR PRIVATE EQUITY,was_live,9056.0,302,data\raw\youtube\kenny-finance-streams\videos\hvroD62hP0k.json,2026-05-06T02:38:06.455001+00:00
z57_1zXDqOQ,https://www.youtube.com/watch?v=z57_1zXDqOQ,[85/365] CAN CLAUDE RUN MY PRIVATE EQUITY FUND?,was_live,8081.0,659,data\raw\youtube\kenny-finance-streams\videos\z57_1zXDqOQ.json,2026-05-06T02:38:06.455001+00:00
zty5uTYD3kU,https://www.youtube.com/watch?v=zty5uTYD3kU,[85/365] CAN CLAUDE RUN MY PRIVATE EQUITY FUND?,was_live,206.0,142,data\raw\youtube\kenny-finance-streams\videos\zty5uTYD3kU.json,2026-05-06T02:38:06.455001+00:00
oAsvwKhrGo8,https://www.youtube.com/watch?v=oAsvwKhrGo8,"[84/365] WHAT IS HAPPENING WITH VCX (+1,500%+ above NAV)",was_live,7211.0,276,data\raw\youtube\kenny-finance-streams\videos\oAsvwKhrGo8.json,2026-05-06T02:38:06.455001+00:00
uujShWMy208,https://www.youtube.com/watch?v=uujShWMy208,[83/365] STOCKS MOST IMPACTED BY AI,was_live,8660.0,227,data\raw\youtube\kenny-finance-streams\videos\uujShWMy208.json,2026-05-06T02:38:06.455001+00:00
Bvm-wKmUFfo,https://www.youtube.com/watch?v=Bvm-wKmUFfo,[82/365] VIBE CODING FOR SMALL BUSINESSES,was_live,6789.0,297,data\raw\youtube\kenny-finance-streams\videos\Bvm-wKmUFfo.json,2026-05-06T02:38:06.455001+00:00
ot__5tKh9us,https://www.youtube.com/watch?v=ot__5tKh9us,"[81/365] SOURCING, STOCKS & MIAMI RECAP",was_live,6529.0,277,data\raw\youtube\kenny-finance-streams\videos\ot__5tKh9us.json,2026-05-06T02:38:06.455001+00:00
kEBNBJtUxzY,https://www.youtube.com/watch?v=kEBNBJtUxzY,[80/365] DAY 5 in MIAMI. HUNTING FOR DEALS AND REAL ESTATE,was_live,1312.0,133,data\raw\youtube\kenny-finance-streams\videos\kEBNBJtUxzY.json,2026-05-06T02:38:06.455001+00:00
YIOxvcFSN0o,https://www.youtube.com/watch?v=YIOxvcFSN0o,[79/365] DAY 4 in MIAMI. HUNTING FOR DEALS AND REAL ESTATE,was_live,5385.0,175,data\raw\youtube\kenny-finance-streams\videos\YIOxvcFSN0o.json,2026-05-06T02:38:06.455001+00:00
EiH0dBpSVQ4,https://www.youtube.com/watch?v=EiH0dBpSVQ4,[78/365] DAY 3 in MIAMI. HUNTING FOR DEALS AND REAL ESTATE,was_live,4116.0,183,data\raw\youtube\kenny-finance-streams\videos\EiH0dBpSVQ4.json,2026-05-06T02:38:06.455001+00:00
MHSMMQ_CNLc,https://www.youtube.com/watch?v=MHSMMQ_CNLc,[77/365] DAY 2 in MIAMI. HUNTING FOR DEALS AND REAL ESTATE,was_live,6629.0,198,data\raw\youtube\kenny-finance-streams\videos\MHSMMQ_CNLc.json,2026-05-06T02:38:06.455001+00:00
y8wdKqVFg-Q,https://www.youtube.com/watch?v=y8wdKqVFg-Q,[76/365] DAY 1 in MIAMI. HUNTING FOR DEALS AND REAL ESTATE,was_live,4232.0,299,data\raw\youtube\kenny-finance-streams\videos\y8wdKqVFg-Q.json,2026-05-06T02:38:06.455001+00:00
cZkW6IEw5kQ,https://www.youtube.com/watch?v=cZkW6IEw5kQ,[75/365] NVIDIA GTC 2026 AND FINISHING MY VIBE CODING PROJECT!,was_live,4602.0,216,data\raw\youtube\kenny-finance-streams\videos\cZkW6IEw5kQ.json,2026-05-06T02:38:06.455001+00:00
i_wXBBXmfsk,https://www.youtube.com/watch?v=i_wXBBXmfsk,[74/365] VIBE CODING A BILLION DOLLAR BUSINESS,was_live,19281.0,628,data\raw\youtube\kenny-finance-streams\videos\i_wXBBXmfsk.json,2026-05-06T02:38:06.455001+00:00
3bkXiBs2b-Y,https://www.youtube.com/watch?v=3bkXiBs2b-Y,[73/365] SOURCING ACQUISITIONS ON A SATURDAY,was_live,6090.0,326,data\raw\youtube\kenny-finance-streams\videos\3bkXiBs2b-Y.json,2026-05-06T02:38:06.455001+00:00
mqAdqDZ0h54,https://www.youtube.com/watch?v=mqAdqDZ0h54,"[72/365] FINANCE FRIDAYS! STOCKS, SOURCING and SMART MONEY MOVES",was_live,8223.0,200,data\raw\youtube\kenny-finance-streams\videos\mqAdqDZ0h54.json,2026-05-06T02:38:06.455001+00:00
ozGQDtsnPr0,https://www.youtube.com/watch?v=ozGQDtsnPr0,[71/365] SOURCING ENERGY INVESTMENTS,was_live,7367.0,316,data\raw\youtube\kenny-finance-streams\videos\ozGQDtsnPr0.json,2026-05-06T02:38:06.455001+00:00
4ySQ_weCsQo,https://www.youtube.com/watch?v=4ySQ_weCsQo,[70/365] BUDGETING ON WEALTHY WEDNESDAYS,was_live,8590.0,238,data\raw\youtube\kenny-finance-streams\videos\4ySQ_weCsQo.json,2026-05-06T02:38:06.455001+00:00
MBd_beSdPGs,https://www.youtube.com/watch?v=MBd_beSdPGs,[69/365] SMALL CAP STOCKS & SOURCING ON A TUESDAY,was_live,7955.0,597,data\raw\youtube\kenny-finance-streams\videos\MBd_beSdPGs.json,2026-05-06T02:38:06.455001+00:00
8OgNOXPd668,https://www.youtube.com/watch?v=8OgNOXPd668,[68/365] MARKET MONDAYS WITH CHAT CAPITAL,was_live,6017.0,258,data\raw\youtube\kenny-finance-streams\videos\8OgNOXPd668.json,2026-05-06T02:38:06.455001+00:00
n5sdjTYZ210,https://www.youtube.com/watch?v=n5sdjTYZ210,[67/365] THE OIL CRISIS OF 1973 (AND LESSONS FOR 2026),was_live,7502.0,215,data\raw\youtube\kenny-finance-streams\videos\n5sdjTYZ210.json,2026-05-06T02:38:06.455001+00:00
kDjvq-jqcOc,https://www.youtube.com/watch?v=kDjvq-jqcOc,[66/365] SOURCING YOU A BUSINESS ON A SATURDAY,was_live,5730.0,407,data\raw\youtube\kenny-finance-streams\videos\kDjvq-jqcOc.json,2026-05-06T02:38:06.455001+00:00
HTMqbkKqj5Q,https://www.youtube.com/watch?v=HTMqbkKqj5Q,[65/365] CHAT CAPITAL MARCH MADNESS KICKOFF!,was_live,7982.0,264,data\raw\youtube\kenny-finance-streams\videos\HTMqbkKqj5Q.json,2026-05-06T02:38:06.455001+00:00
BXpEooo3E-M,https://www.youtube.com/watch?v=BXpEooo3E-M,[64/365] VIBE CODING THURSDAYS,was_live,7827.0,169,data\raw\youtube\kenny-finance-streams\videos\BXpEooo3E-M.json,2026-05-06T02:38:06.455001+00:00
VbW3s5s5NpU,https://www.youtube.com/watch?v=VbW3s5s5NpU,[63/365] BUYING EMPTY CASTLES IN JAPAN,was_live,5721.0,345,data\raw\youtube\kenny-finance-streams\videos\VbW3s5s5NpU.json,2026-05-06T02:38:06.455001+00:00
j9msVnWNgJQ,https://www.youtube.com/watch?v=j9msVnWNgJQ,[62/365] DUMPSTER DIVING IN THE SELLOFF,was_live,6114.0,308,data\raw\youtube\kenny-finance-streams\videos\j9msVnWNgJQ.json,2026-05-06T02:38:06.455001+00:00
54FZed5Q2hk,https://www.youtube.com/watch?v=54FZed5Q2hk,[61/365] AI VALUE CHAIN DEEP DIVE - OPTICS & PHOTONICS,was_live,8651.0,316,data\raw\youtube\kenny-finance-streams\videos\54FZed5Q2hk.json,2026-05-06T02:38:06.455001+00:00
h7y8H3pqY3g,https://www.youtube.com/watch?v=h7y8H3pqY3g,[60/365] SMALL CAP STOCK SUNDAYS!,was_live,10317.0,242,data\raw\youtube\kenny-finance-streams\videos\h7y8H3pqY3g.json,2026-05-06T02:38:06.455001+00:00
Uu6nSYuh-Cs,https://www.youtube.com/watch?v=Uu6nSYuh-Cs,[59/365] SCALING SMALL BUSINESS SATURDAYS (AI EDITION),was_live,12579.0,292,data\raw\youtube\kenny-finance-streams\videos\Uu6nSYuh-Cs.json,2026-05-06T02:38:06.455001+00:00
FhzHSKQ5DTs,https://www.youtube.com/watch?v=FhzHSKQ5DTs,[58/365] STOCK PITCH COMPETITION!,was_live,5329.0,171,data\raw\youtube\kenny-finance-streams\videos\FhzHSKQ5DTs.json,2026-05-06T02:38:06.455001+00:00
QPQJKaKPcnM,https://www.youtube.com/watch?v=QPQJKaKPcnM,[57/365] SOURCING AFFORDABLE BUSINESSES TO BUY,was_live,9067.0,435,data\raw\youtube\kenny-finance-streams\videos\QPQJKaKPcnM.json,2026-05-06T02:38:06.455001+00:00
z_G2QhBgib8,https://www.youtube.com/watch?v=z_G2QhBgib8,[56/365] UNPACKING NVIDIA EARNINGS,was_live,6573.0,365,data\raw\youtube\kenny-finance-streams\videos\z_G2QhBgib8.json,2026-05-06T02:38:06.455001+00:00
LlvSJ0QAvwg,https://www.youtube.com/watch?v=LlvSJ0QAvwg,[55/365] LIVE: STATE OF THE UNION INVESTMENT OPPORTUNITIES,was_live,7712.0,446,data\raw\youtube\kenny-finance-streams\videos\LlvSJ0QAvwg.json,2026-05-06T02:38:06.455001+00:00
KPHnArwlSDU,https://www.youtube.com/watch?v=KPHnArwlSDU,[54/365] RANKING PRIVATE EQUITY ROLL UPS,was_live,8246.0,279,data\raw\youtube\kenny-finance-streams\videos\KPHnArwlSDU.json,2026-05-06T02:38:06.455001+00:00
uq46wuvse2k,https://www.youtube.com/watch?v=uq46wuvse2k,[53/365] FINDING UNDERVALUED STOCKS ON A SUNDAY,was_live,8683.0,355,data\raw\youtube\kenny-finance-streams\videos\uq46wuvse2k.json,2026-05-06T02:38:06.455001+00:00
8PU5udTkyv0,https://www.youtube.com/watch?v=8PU5udTkyv0,[52/365] SOURCING BUSINESS SATURDAYS,was_live,42900.0,642,data\raw\youtube\kenny-finance-streams\videos\8PU5udTkyv0.json,2026-05-06T02:38:06.455001+00:00
0t_XqtyOkDU,https://www.youtube.com/watch?v=0t_XqtyOkDU,[51/365] STOCK PITCH COMPETITION!,was_live,15148.0,298,data\raw\youtube\kenny-finance-streams\videos\0t_XqtyOkDU.json,2026-05-06T02:38:06.455001+00:00
0V0WNSuJB-Y,https://www.youtube.com/watch?v=0V0WNSuJB-Y,[50/365] BUYING A SUBSCRIBER A BUSINESS,was_live,12398.0,513,data\raw\youtube\kenny-finance-streams\videos\0V0WNSuJB-Y.json,2026-05-06T02:38:06.455001+00:00
gfrRYI_SoQo,https://www.youtube.com/watch?v=gfrRYI_SoQo,[49/365] FINDING THE BEST INTERNATIONAL STOCKS (ASIA),was_live,7636.0,232,data\raw\youtube\kenny-finance-streams\videos\gfrRYI_SoQo.json,2026-05-06T02:38:06.455001+00:00
RuruU0PjpwI,https://www.youtube.com/watch?v=RuruU0PjpwI,[48/365] PLAYING GUESS THAT BUSINESS,was_live,8175.0,356,data\raw\youtube\kenny-finance-streams\videos\RuruU0PjpwI.json,2026-05-06T02:38:06.455001+00:00
sRtte3uD-vw,https://www.youtube.com/watch?v=sRtte3uD-vw,[47/365] Mr. Beast is Buying Businesses!,was_live,7522.0,268,data\raw\youtube\kenny-finance-streams\videos\sRtte3uD-vw.json,2026-05-06T02:38:06.455001+00:00
fmF8Q5T7RBc,https://www.youtube.com/watch?v=fmF8Q5T7RBc,[46/365] Testing AI Software for Boring Businesses,was_live,10172.0,307,data\raw\youtube\kenny-finance-streams\videos\fmF8Q5T7RBc.json,2026-05-06T02:38:06.455001+00:00
FfQ-MHXY2YU,https://www.youtube.com/watch?v=FfQ-MHXY2YU,[45/365] BUYING MY VALENTINE'S A BUSINESS,was_live,9414.0,391,data\raw\youtube\kenny-finance-streams\videos\FfQ-MHXY2YU.json,2026-05-06T02:38:06.455001+00:00
aJLEgnWWOwU,https://www.youtube.com/watch?v=aJLEgnWWOwU,[44/365] STOCK PITCH FRIDAYS WITH CHAT CAPITAL,was_live,8575.0,226,data\raw\youtube\kenny-finance-streams\videos\aJLEgnWWOwU.json,2026-05-06T02:38:06.455001+00:00
JR0SL6f_NpM,https://www.youtube.com/watch?v=JR0SL6f_NpM,[43/365] MODERNIZING A BORING BIZ WITH AI,was_live,8126.0,226,data\raw\youtube\kenny-finance-streams\videos\JR0SL6f_NpM.json,2026-05-06T02:38:06.455001+00:00
gwucqK2GVDU,https://www.youtube.com/watch?v=gwucqK2GVDU,[42/365] CONSUMER EARNINGS WITH CHAT CAPITAL,was_live,9590.0,150,data\raw\youtube\kenny-finance-streams\videos\gwucqK2GVDU.json,2026-05-06T02:38:06.455001+00:00
-KztJ9ctruk,https://www.youtube.com/watch?v=-KztJ9ctruk,[41/365] BUYING A ROOFING COMPANY WITH CHAT (PART 2),was_live,9594.0,287,data\raw\youtube\kenny-finance-streams\videos\-KztJ9ctruk.json,2026-05-06T02:38:06.455001+00:00
gbOqbKFRzW0,https://www.youtube.com/watch?v=gbOqbKFRzW0,[40/365] BUYING A ROOFING COMPANY WITH CHAT,was_live,7401.0,263,data\raw\youtube\kenny-finance-streams\videos\gbOqbKFRzW0.json,2026-05-06T02:38:06.455001+00:00
leAI8DbVoVY,https://www.youtube.com/watch?v=leAI8DbVoVY,[39/365] ECONOMICS OF SUPERBOWL ADS,was_live,7860.0,243,data\raw\youtube\kenny-finance-streams\videos\leAI8DbVoVY.json,2026-05-06T02:38:06.455001+00:00
J_39POvarJk,https://www.youtube.com/watch?v=J_39POvarJk,[38/365] SOURCING BUSINESS ACQUISITIONS,was_live,11692.0,338,data\raw\youtube\kenny-finance-streams\videos\J_39POvarJk.json,2026-05-06T02:38:06.455001+00:00
NLhU11m19q4,https://www.youtube.com/watch?v=NLhU11m19q4,[37/365] HELPING CHAT BUILD GENERATIONAL WEALTH AND ARC RAIDERS (12 HR STREAM!),was_live,42900.0,495,data\raw\youtube\kenny-finance-streams\videos\NLhU11m19q4.json,2026-05-06T02:38:06.455001+00:00
2xsbA7D_hg0,https://www.youtube.com/watch?v=2xsbA7D_hg0,[36/365] UNPACKING AMAZON'S EARNINGS MISS,was_live,7312.0,138,data\raw\youtube\kenny-finance-streams\videos\2xsbA7D_hg0.json,2026-05-06T02:38:06.455001+00:00
C_CzBdGXxwg,https://www.youtube.com/watch?v=C_CzBdGXxwg,[35/365] CAN GOOGLE PREVENT THE AI BUBBLE?,was_live,13794.0,205,data\raw\youtube\kenny-finance-streams\videos\C_CzBdGXxwg.json,2026-05-06T02:38:06.455001+00:00
XwIFCLRAa08,https://www.youtube.com/watch?v=XwIFCLRAa08,[34/365] THE BEGINNING OF THE END FOR SOFTWARE,was_live,11826.0,206,data\raw\youtube\kenny-finance-streams\videos\XwIFCLRAa08.json,2026-05-06T02:38:06.455001+00:00
ocCIkZPBrHE,https://www.youtube.com/watch?v=ocCIkZPBrHE,[33/365] THE NEXT WORLD RESERVE CURRENCY,was_live,9839.0,193,data\raw\youtube\kenny-finance-streams\videos\ocCIkZPBrHE.json,2026-05-06T02:38:06.455001+00:00
KE0OcOIfYDg,https://www.youtube.com/watch?v=KE0OcOIfYDg,[32/365] PITCHING WEIRD STOCKS TO CHAT CAPITAL,was_live,10495.0,213,data\raw\youtube\kenny-finance-streams\videos\KE0OcOIfYDg.json,2026-05-06T02:38:06.455001+00:00
hSSpEemhi6E,https://www.youtube.com/watch?v=hSSpEemhi6E,[31/365] VIBE CODING A BILLION DOLLAR IDEA,was_live,22409.0,406,data\raw\youtube\kenny-finance-streams\videos\hSSpEemhi6E.json,2026-05-06T02:38:06.455001+00:00
vKFmjQ_J610,https://www.youtube.com/watch?v=vKFmjQ_J610,[30/365] RANKING TOP AI STOCKS OF 2025,was_live,13443.0,178,data\raw\youtube\kenny-finance-streams\videos\vKFmjQ_J610.json,2026-05-06T02:38:06.455001+00:00
DyUWPY8CXPs,https://www.youtube.com/watch?v=DyUWPY8CXPs,[29/365] APPLE'S EARNINGS TODAY,was_live,13995.0,236,data\raw\youtube\kenny-finance-streams\videos\DyUWPY8CXPs.json,2026-05-06T02:38:06.455001+00:00
0JCSOBK44O4,https://www.youtube.com/watch?v=0JCSOBK44O4,[28/365] TESLA'S BIG BET TODAY,was_live,12369.0,307,data\raw\youtube\kenny-finance-streams\videos\0JCSOBK44O4.json,2026-05-06T02:38:06.455001+00:00
0TjpA3J94BY,https://www.youtube.com/watch?v=0TjpA3J94BY,[27/365] WHAT JUST HAPPENED TO HEALTHCARE STOCKS,was_live,7926.0,275,data\raw\youtube\kenny-finance-streams\videos\0TjpA3J94BY.json,2026-05-06T02:38:06.455001+00:00
PPRZqW30cEk,https://www.youtube.com/watch?v=PPRZqW30cEk,[26/365] EXPLAINING THE GOLD RALLY,was_live,8632.0,177,data\raw\youtube\kenny-finance-streams\videos\PPRZqW30cEk.json,2026-05-06T02:38:06.455001+00:00
XcvmcWKRyDI,https://www.youtube.com/watch?v=XcvmcWKRyDI,[25/365] WHAT ACTUALLY HAPPENED AT DAVOS 2026 (WORLD ECONOMIC FORUM),was_live,10005.0,289,data\raw\youtube\kenny-finance-streams\videos\XcvmcWKRyDI.json,2026-05-06T02:38:06.455001+00:00
dXTFYZzWeIQ,https://www.youtube.com/watch?v=dXTFYZzWeIQ,[24/365] REACTING TO INTEL EARNINGS (AI BOOM OVER?),was_live,13571.0,350,data\raw\youtube\kenny-finance-streams\videos\dXTFYZzWeIQ.json,2026-05-06T02:38:06.455001+00:00
qbTg2jgR1Es,https://www.youtube.com/watch?v=qbTg2jgR1Es,[23/365] PITCHING STOCKS FOR CHAT CAPITAL TODAY,was_live,8966.0,154,data\raw\youtube\kenny-finance-streams\videos\qbTg2jgR1Es.json,2026-05-06T02:38:06.455001+00:00
TE5vnGvqGQs,https://www.youtube.com/watch?v=TE5vnGvqGQs,[22/365] RANKING GROCERY STORES AND REACTING TO BITGO IPO,was_live,9171.0,174,data\raw\youtube\kenny-finance-streams\videos\TE5vnGvqGQs.json,2026-05-06T02:38:06.455001+00:00
Kznxe8JWnTI,https://www.youtube.com/watch?v=Kznxe8JWnTI,[21/365] FINDING AI STOCKS AND REACTING TO EARNINGS,was_live,7620.0,170,data\raw\youtube\kenny-finance-streams\videos\Kznxe8JWnTI.json,2026-05-06T02:38:06.455001+00:00
BsSRm92sLVo,https://www.youtube.com/watch?v=BsSRm92sLVo,"[20/365] NETFLIX EARNINGS, JAPAN AND GREENLAND",was_live,2440.0,185,data\raw\youtube\kenny-finance-streams\videos\BsSRm92sLVo.json,2026-05-06T02:38:06.455001+00:00
NJmzR1uN5P0,https://www.youtube.com/watch?v=NJmzR1uN5P0,[19/365] FINDING THE BEST STOCK TO BUY IN 2026,was_live,9360.0,204,data\raw\youtube\kenny-finance-streams\videos\NJmzR1uN5P0.json,2026-05-06T02:38:06.455001+00:00
SME0LaYCEJI,https://www.youtube.com/watch?v=SME0LaYCEJI,[18/365] LEARNING EVERYTHING ABOUT QUANTUM COMPUTING,was_live,8389.0,218,data\raw\youtube\kenny-finance-streams\videos\SME0LaYCEJI.json,2026-05-06T02:38:06.455001+00:00
COn5szHwGhg,https://www.youtube.com/watch?v=COn5szHwGhg,[17/365] LETTING CHAT PITCH STOCKS TO BUY,was_live,9706.0,238,data\raw\youtube\kenny-finance-streams\videos\COn5szHwGhg.json,2026-05-06T02:38:06.455001+00:00
P4jnD7cJW88,https://www.youtube.com/watch?v=P4jnD7cJW88,[16/365] MAKING CHAT PRIVATE EQUITY INVESTORS ON STREAM,was_live,9641.0,275,data\raw\youtube\kenny-finance-streams\videos\P4jnD7cJW88.json,2026-05-06T02:38:06.455001+00:00
h0Y1j_UPReE,https://www.youtube.com/watch?v=h0Y1j_UPReE,[15/365] REACTING TO TSMC EARNINGS AND FINDING AI STOCKS,was_live,9069.0,161,data\raw\youtube\kenny-finance-streams\videos\h0Y1j_UPReE.json,2026-05-06T02:38:06.455001+00:00
vZOzVKh6fmQ,https://www.youtube.com/watch?v=vZOzVKh6fmQ,[14/365] VIBE CODING WITH CHAT AND RANKING YOUTUBER BUSINESSES,was_live,6459.0,203,data\raw\youtube\kenny-finance-streams\videos\vZOzVKh6fmQ.json,2026-05-06T02:38:06.455001+00:00
PG9pmD6L-Fg,https://www.youtube.com/watch?v=PG9pmD6L-Fg,🔴LIVE! SOURCING BUSINESSES TODAY,was_live,5583.0,193,data\raw\youtube\kenny-finance-streams\videos\PG9pmD6L-Fg.json,2026-05-06T02:38:06.455001+00:00
5J3wIhNDdjQ,https://www.youtube.com/watch?v=5J3wIhNDdjQ,🔴LIVE! MARKET MONDAYS (INVESTING CHAT CAPITAL),was_live,6547.0,151,data\raw\youtube\kenny-finance-streams\videos\5J3wIhNDdjQ.json,2026-05-06T02:38:06.455001+00:00
viKpE4aBdoc,https://www.youtube.com/watch?v=viKpE4aBdoc,[11/365] BUILDING A HOLDING COMPANY WITH CHAT,was_live,6439.0,219,data\raw\youtube\kenny-finance-streams\videos\viKpE4aBdoc.json,2026-05-06T02:38:06.455001+00:00
yejY2RrAPl8,https://www.youtube.com/watch?v=yejY2RrAPl8,[10/365] SOURCING BUSINESSES LIVE WITH CHAT,was_live,7651.0,378,data\raw\youtube\kenny-finance-streams\videos\yejY2RrAPl8.json,2026-05-06T02:38:06.455001+00:00
3g5GlrSi6rk,https://www.youtube.com/watch?v=3g5GlrSi6rk,🔴LIVE! CES RECAP + NEW INVESTMENT IDEAS!,was_live,9383.0,164,data\raw\youtube\kenny-finance-streams\videos\3g5GlrSi6rk.json,2026-05-06T02:38:06.455001+00:00
e-xf_sWB07Q,https://www.youtube.com/watch?v=e-xf_sWB07Q,CES 2026 RECAP,was_live,852.0,114,data\raw\youtube\kenny-finance-streams\videos\e-xf_sWB07Q.json,2026-05-06T02:38:06.455001+00:00
oYKhLPdMnAs,https://www.youtube.com/watch?v=oYKhLPdMnAs,🔴LIVE AT CES 2026 | DAY 4 (LAST DAY - SLOTS?),was_live,6357.0,200,data\raw\youtube\kenny-finance-streams\videos\oYKhLPdMnAs.json,2026-05-06T02:38:06.455001+00:00
x0oFILWH18s,https://www.youtube.com/watch?v=x0oFILWH18s,🔴LIVE AT CES 2026 | DAY 3 (INSANE ROBOTS),was_live,6247.0,402,data\raw\youtube\kenny-finance-streams\videos\x0oFILWH18s.json,2026-05-06T02:38:06.455001+00:00
uwpd45ZuY2M,https://www.youtube.com/watch?v=uwpd45ZuY2M,🔴LIVE AT CES 2026 | DAY 2 (ROBOTS TECH & AI),was_live,7531.0,272,data\raw\youtube\kenny-finance-streams\videos\uwpd45ZuY2M.json,2026-05-06T02:38:06.455001+00:00
A03GAlWPLSQ,https://www.youtube.com/watch?v=A03GAlWPLSQ,🔴LIVE AT CES 2026 | DAY 1 (NVIDIA KEYNOTE),was_live,7117.0,895,data\raw\youtube\kenny-finance-streams\videos\A03GAlWPLSQ.json,2026-05-06T02:38:06.455001+00:00
7nAH2pnqbhs,https://www.youtube.com/watch?v=7nAH2pnqbhs,🔴LIVE! WE IN VEGAS - DAY 1 CES (LATE NIGHT),was_live,2768.0,133,data\raw\youtube\kenny-finance-streams\videos\7nAH2pnqbhs.json,2026-05-06T02:38:06.455001+00:00
ANp9pkRUHpw,https://www.youtube.com/watch?v=ANp9pkRUHpw,🔴LIVE! CES 2026 NEXT WEEK (Prep and Schedule),was_live,9232.0,235,data\raw\youtube\kenny-finance-streams\videos\ANp9pkRUHpw.json,2026-05-06T02:38:06.455001+00:00
8mkc9A9IvL4,https://www.youtube.com/watch?v=8mkc9A9IvL4,🔴LIVE! FIRST FINANCE FRIDAY OF 2026,was_live,7985.0,280,data\raw\youtube\kenny-finance-streams\videos\8mkc9A9IvL4.json,2026-05-06T02:38:06.455001+00:00
VpQhvmZBIkQ,https://www.youtube.com/watch?v=VpQhvmZBIkQ,🔴LIVE! CHAT CAPITAL! VISION BOARDING,was_live,10481.0,366,data\raw\youtube\kenny-finance-streams\videos\VpQhvmZBIkQ.json,2026-05-06T02:38:06.455001+00:00
g5WICkrIrVk,https://www.youtube.com/watch?v=g5WICkrIrVk,🔴LIVE! CHAT CAPITAL! 2026 PREDICTIONS,was_live,14921.0,547,data\raw\youtube\kenny-finance-streams\videos\g5WICkrIrVk.json,2026-05-06T02:38:06.455001+00:00
